ramp_run_id,ramp_case,damage_key,damage_name,ecs_label,ecs_val,disc_label,disc_scenario,SCC_2030,SCC_2050,SCC_2100,MIU_2030,MIU_2050,MIU_2100,MIU_bound_2030,MIU_bound_2050,MIU_bound_2100,MIU_slack_2030,MIU_slack_2050,MIU_slack_2100,binding_2030,binding_2050,binding_2100,first_binding_year,T_2030,T_2050,T_2100,welfare,elapsed_s,status,timestamp
1,standard_dice2023,nordhaus_2023,Nordhaus DICE-2023,ecs_central,3.00252,default,9,60.93773960138784,113.1605811649813,385.83507592231666,0.23422302467269257,0.3876913593069324,0.8454261289126022,0.24,0.72,1.0,0.005776975327307421,0.3323086406930676,0.15457387108739784,near-binding,interior,interior,2025,1.5460781877752794,1.9352075104233086,2.5910988520917244,6658.2922877472265,10.4,ok,2026-08-07T14:49:11
2,standard_dice2023,nordhaus_2016,Nordhaus DICE-2016,ecs_central,3.00252,default,9,48.45339261623696,91.1390286180893,323.66112947765777,0.20425145531102087,0.3410802043858329,0.7649458947197451,0.24,0.72,1.0,0.03574854468897912,0.37891979561416705,0.23505410528025494,interior,interior,interior,2025,1.5501567360684543,1.9649741961549347,2.746768461921326,6680.943105401833,10.2,ok,2026-08-07T14:49:21
3,standard_dice2023,hs_low,Howard-Sterner Low,ecs_central,3.00252,default,9,48.45339261623696,91.1390286180893,323.66112947765777,0.20425145531102087,0.3410802043858329,0.7649458947197451,0.24,0.72,1.0,0.03574854468897912,0.37891979561416705,0.23505410528025494,interior,interior,interior,2025,1.5501567360684543,1.9649741961549347,2.746768461921326,6680.943105401833,10.2,ok,2026-08-07T14:49:31
4,standard_dice2023,hs_central,Howard-Sterner Central,ecs_central,3.00252,default,9,86.40139315869743,156.9255723328125,504.2788800471914,0.23999999999998678,0.4695534645628682,0.9802164794455828,0.24,0.72,1.0,1.3211653993039363e-14,0.2504465354371318,0.019783520554417233,binding,interior,interior,2025,1.544998309281252,1.8884972152335424,2.3233720149460626,6616.084178121751,9.7,ok,2026-08-07T14:49:41
5,standard_dice2023,hs_high,Howard-Sterner High,ecs_central,3.00252,default,9,157.52666520910256,272.54987086346256,821.1215313882103,0.23999999999989519,0.6518226439808399,0.9999999999999921,0.24,0.72,1.0,1.0480505352461478e-13,0.06817735601916008,7.882583474838611e-15,binding,interior,binding,2025,1.544061602185442,1.8063952247509634,1.9081849513279467,6512.1235495383535,9.0,ok,2026-08-07T14:49:50
6,standard_dice2023,weitzman,Weitzman (2012),ecs_central,3.00252,default,9,53.916612208167855,106.17991424433852,375.88270743417996,0.21776627295995593,0.3744928769369815,0.8417761643381195,0.24,0.72,1.0,0.02223372704004406,0.34550712306301845,0.15822383566188047,interior,interior,interior,2025,1.5483575254283692,1.947368849219279,2.6045784277735002,6681.9735238548565,10.2,ok,2026-08-07T14:50:00
7,standard_dice2023,dietz_stern,Dietz-Stern (2015),ecs_central,3.00252,default,9,45.206299674548575,85.1681843905978,305.5015522159956,0.19596815835078482,0.3276650848532554,0.7400048139228571,0.24,0.72,1.0,0.04403184164921517,0.39233491514674457,0.2599951860771429,interior,interior,interior,2025,1.5512809667357326,1.9733681679266464,2.7928934626758792,6686.636863338686,10.2,ok,2026-08-07T14:50:10
8,standard_dice2023,kahn,Kahn et al. (2021),ecs_central,3.00252,default,9,91.56991843990183,165.64683908116822,527.6424954713543,0.24,0.484831751124355,0.999999999999996,0.24,0.72,1.0,0.0,0.23516824887564497,3.9968028886505635e-15,binding,interior,binding,2025,1.5449326253963804,1.8798664521406407,2.2738947650102284,6607.937759407554,9.5,ok,2026-08-07T14:50:20
9,tighter_ramp_8pp,nordhaus_2023,Nordhaus DICE-2023,ecs_central,3.00252,default,9,60.93655541178227,113.15071453554809,385.78037926407757,0.20999999999999402,0.38766773344427363,0.8453763925784443,0.21000000000000002,0.53,1.0,5.995204332975845e-15,0.1423322665557264,0.15462360742155568,binding,interior,interior,2025,1.5450038291986596,1.934847571344213,2.590821277033325,6658.446564254118,10.2,ok,2026-08-07T14:50:30
10,tighter_ramp_8pp,nordhaus_2016,Nordhaus DICE-2016,ecs_central,3.00252,default,9,48.39699787764808,91.0612420614331,323.41178318922204,0.20409119777991802,0.34090490687446756,0.7646575810199416,0.21000000000000002,0.53,1.0,0.005908802220081999,0.18909509312553247,0.23534241898005837,near-binding,interior,interior,2025,1.5459415514103636,1.9615692906501088,2.744561697117801,6681.058596391429,10.3,ok,2026-08-07T14:50:40
11,tighter_ramp_8pp,hs_low,Howard-Sterner Low,ecs_central,3.00252,default,9,48.39699787764808,91.0612420614331,323.41178318922204,0.20409119777991802,0.34090490687446756,0.7646575810199416,0.21000000000000002,0.53,1.0,0.005908802220081999,0.18909509312553247,0.23534241898005837,near-binding,interior,interior,2025,1.5459415514103636,1.9615692906501088,2.744561697117801,6681.058596391429,10.3,ok,2026-08-07T14:50:51
12,tighter_ramp_8pp,hs_central,Howard-Sterner Central,ecs_central,3.00252,default,9,86.56361839715412,157.16917565588574,504.93917404737596,0.21000000000000002,0.4700486903164536,0.9810610511239789,0.21000000000000002,0.53,1.0,0.0,0.05995130968354645,0.0189389488760211,binding,interior,interior,2025,1.54466447425273,1.8941873093616648,2.326351619247764,6616.195913620153,9.5,ok,2026-08-07T14:51:00
13,tighter_ramp_8pp,hs_high,Howard-Sterner High,ecs_central,3.00252,default,9,162.2584487605823,284.9986893305474,859.9512271012387,0.20999999999901786,0.5299999999997844,0.9999999999999571,0.21000000000000002,0.53,1.0,9.821587987346447e-13,2.156053113822054e-13,4.285460875053104e-14,binding,binding,binding,2025,1.5435973731124941,1.8755758366048376,2.004311207800355,6509.1524224513505,7.7,ok,2026-08-07T14:51:08
14,tighter_ramp_8pp,weitzman,Weitzman (2012),ecs_central,3.00252,default,9,53.8394847138759,106.04389138135328,375.5572837758664,0.21000000000000002,0.37421135406590283,0.8413951523791897,0.21000000000000002,0.53,1.0,0.0,0.1557886459340972,0.15860484762081029,binding,interior,interior,2025,1.5451357573364046,1.94500277970393,2.603388699317951,6682.10904975457,10.3,ok,2026-08-07T14:51:18
15,tighter_ramp_8pp,dietz_stern,Dietz-Stern (2015),ecs_central,3.00252,default,9,45.15279709268316,85.09934227425745,305.33731979303184,0.19582409852581376,0.32750800490040904,0.7397345631619682,0.21000000000000002,0.53,1.0,0.014175901474186264,0.20249199509959098,0.2602654368380318,interior,interior,interior,2025,1.547063203823988,1.969952865911521,2.7906480471932493,6686.737467255589,10.3,ok,2026-08-07T14:51:29
16,tighter_ramp_8pp,kahn,Kahn et al. (2021),ecs_central,3.00252,default,9,91.83985751358607,166.0766302561221,528.837601301636,0.21000000000000002,0.48569693338278774,0.9999999999999492,0.21000000000000002,0.53,1.0,0.0,0.04430306661721228,5.084821452783217e-14,binding,interior,binding,2025,1.544592128061724,1.8890782934881876,2.2788971118848234,6608.0114544472,9.2,ok,2026-08-07T14:51:38
17,relaxed_ramp_20pp,nordhaus_2023,Nordhaus DICE-2023,ecs_central,3.00252,default,9,60.67483237814965,112.82863088472756,384.85951380126835,0.23353705902261082,0.38694205724814223,0.844135912315342,0.45,1.0,1.0,0.2164629409773892,0.6130579427518578,0.15586408768465798,interior,interior,interior,2125,1.5314989430980024,1.923482568662506,2.5838068757027535,6658.655916929774,10.3,ok,2026-08-07T14:51:48
18,relaxed_ramp_20pp,nordhaus_2016,Nordhaus DICE-2016,ecs_central,3.00252,default,9,48.30552691260531,90.94611079404193,323.1171866026355,0.2038275944877329,0.34062334688604495,0.764190503577245,0.45,1.0,1.0,0.2461724055122671,0.6593766531139551,0.23580949642275495,interior,interior,interior,2135,1.5392605641931407,1.9561714925011406,2.7410631883219203,6681.132675497491,10.3,ok,2026-08-07T14:51:58
19,relaxed_ramp_20pp,hs_low,Howard-Sterner Low,ecs_central,3.00252,default,9,48.30552691260531,90.94611079404193,323.1171866026355,0.2038275944877329,0.34062334688604495,0.764190503577245,0.45,1.0,1.0,0.2461724055122671,0.6593766531139551,0.23580949642275495,interior,interior,interior,2135,1.5392605641931407,1.9561714925011406,2.7410631883219203,6681.132675497491,10.3,ok,2026-08-07T14:52:09
20,relaxed_ramp_20pp,hs_central,Howard-Sterner Central,ecs_central,3.00252,default,9,85.60362424459356,155.9254539885772,501.3740968593028,0.2864130812694681,0.46757519808156295,0.9765218478033325,0.45,1.0,1.0,0.16358691873053194,0.532424801918437,0.02347815219666749,interior,interior,interior,2025,1.5177590478333634,1.8658027456194326,2.310699405229394,6617.021421916119,9.8,ok,2026-08-07T14:52:19
21,relaxed_ramp_20pp,hs_high,Howard-Sterner High,ecs_central,3.00252,default,9,153.63193690152283,267.4507695640005,805.0404697319624,0.4065162464851127,0.643402524291106,0.9999999999996864,0.45,1.0,1.0,0.04348375351488731,0.356597475708894,3.136380044566067e-13,interior,interior,binding,2025,1.5014107906207386,1.7494541692574261,1.8721863187292849,6516.290067299518,9.5,ok,2026-08-07T14:52:28
22,relaxed_ramp_20pp,weitzman,Weitzman (2012),ecs_central,3.00252,default,9,53.601823429936864,105.66975119649537,374.75442782026636,0.21694690512779588,0.37336158057342156,0.8402357772329384,0.45,1.0,1.0,0.23305309487220413,0.6266384194265784,0.1597642227670616,interior,interior,interior,2135,1.536085200222143,1.9377660289485459,2.5998027260699637,6682.222731324835,10.4,ok,2026-08-07T14:52:38
23,relaxed_ramp_20pp,dietz_stern,Dietz-Stern (2015),ecs_central,3.00252,default,9,45.080855347148834,85.00962760773639,305.03673683622975,0.1956135007634114,0.32728793326810884,0.7393790424216912,0.45,1.0,1.0,0.2543864992365886,0.6727120667318911,0.26062095757830883,interior,interior,interior,2140,1.5413932804962012,1.9653634343130846,2.7876250457551244,6686.789814024478,10.3,ok,2026-08-07T14:52:49
24,relaxed_ramp_20pp,kahn,Kahn et al. (2021),ecs_central,3.00252,default,9,90.66579993501038,164.50512265672032,524.2416299009124,0.2964216469024544,0.48262325252342403,0.9999999999999983,0.45,1.0,1.0,0.15357835309754558,0.517376747476576,1.6653345369377348e-15,interior,interior,binding,2025,1.5163971068386735,1.8559847785050425,2.2599840058113547,6609.032726442012,9.7,ok,2026-08-07T14:52:58
25,relaxed_ramp_30pp,nordhaus_2023,Nordhaus DICE-2023,ecs_central,3.00252,default,9,60.67751727259361,112.82268284309663,384.87233116403036,0.23353588383169088,0.38694093354464076,0.8441304645885443,0.65,1.0,1.0,0.41646411616830914,0.6130590664553592,0.15586953541145565,interior,interior,interior,2125,1.531499221200842,1.9234835287671581,2.5838127234704222,6658.655916929698,10.3,ok,2026-08-07T14:53:09
26,relaxed_ramp_30pp,nordhaus_2016,Nordhaus DICE-2016,ecs_central,3.00252,default,9,48.30684011551898,90.94723528604926,323.12688510311415,0.20382919875041333,0.34062488108051037,0.7641935524836513,0.65,1.0,1.0,0.4461708012495867,0.6593751189194896,0.23580644751634872,interior,interior,interior,2135,1.5392603005292853,1.9561705775212963,2.7410650321174512,6681.1326754988495,10.4,ok,2026-08-07T14:53:19
27,relaxed_ramp_30pp,hs_low,Howard-Sterner Low,ecs_central,3.00252,default,9,48.30684011551898,90.94723528604926,323.12688510311415,0.20382919875041333,0.34062488108051037,0.7641935524836513,0.65,1.0,1.0,0.4461708012495867,0.6593751189194896,0.23580644751634872,interior,interior,interior,2135,1.5392603005292853,1.9561705775212963,2.7410650321174512,6681.1326754988495,10.4,ok,2026-08-07T14:53:30
28,relaxed_ramp_30pp,hs_central,Howard-Sterner Central,ecs_central,3.00252,default,9,85.59927435532558,155.91687405282372,501.3616302643182,0.28640560400805076,0.4675624438575952,0.976506241483875,0.65,1.0,1.0,0.36359439599194926,0.5324375561424048,0.023493758516125007,interior,interior,interior,2105,1.5176365951201287,1.8657055727670167,2.3106385420743694,6617.021454662394,9.9,ok,2026-08-07T14:53:39
29,relaxed_ramp_30pp,hs_high,Howard-Sterner High,ecs_central,3.00252,default,9,152.7777471484336,266.44943650763685,801.7874794911664,0.4049763226817432,0.6417981888169086,0.9999999999999146,0.65,1.0,1.0,0.2450236773182568,0.35820181118309136,8.537615059367454e-14,interior,interior,binding,2025,1.4874485461804317,1.7386212387543405,1.8652286919274084,6516.873989051872,9.4,ok,2026-08-07T14:53:49
30,relaxed_ramp_30pp,weitzman,Weitzman (2012),ecs_central,3.00252,default,9,53.6026341620111,105.66929181381305,374.73362956533737,0.2169459455885837,0.37336331160257835,0.8402388704412136,0.65,1.0,1.0,0.4330540544114163,0.6266366883974217,0.1597611295587864,interior,interior,interior,2135,1.5360852207656586,1.9377665299193763,2.5998000299118957,6682.222731314809,10.4,ok,2026-08-07T14:53:59
31,relaxed_ramp_30pp,dietz_stern,Dietz-Stern (2015),ecs_central,3.00252,default,9,45.08424713770409,85.00765935735053,305.06374128991905,0.19561447399984513,0.3272883481125956,0.7393905511359595,0.65,1.0,1.0,0.4543855260001549,0.6727116518874043,0.26060944886404047,interior,interior,interior,2140,1.5413931173697988,1.9653635848606885,2.7876239357098074,6686.789814035763,10.3,ok,2026-08-07T14:54:10
32,relaxed_ramp_30pp,kahn,Kahn et al. (2021),ecs_central,3.00252,default,9,90.62186756647172,164.44598242985055,524.0737598567649,0.29632169295337185,0.48252154093244076,1.0,0.65,1.0,1.0,0.35367830704662817,0.5174784590675592,0.0,interior,interior,binding,2100,1.5150305688953112,1.8548982266336118,2.2593476495280953,6609.036869918775,9.9,ok,2026-08-07T14:54:20
33,no_near_term_ramp,nordhaus_2023,Nordhaus DICE-2023,ecs_central,3.00252,default,9,60.67345247175529,112.81444713912386,384.85091976119617,0.23353588522127955,0.3869408743964177,0.8441316164146309,1.0,1.0,1.0,0.7664641147787205,0.6130591256035822,0.15586838358536914,interior,interior,interior,2125,1.531499215718618,1.9234834109920151,2.5838103230952636,6658.655916937005,10.3,ok,2026-08-07T14:54:30
34,no_near_term_ramp,nordhaus_2016,Nordhaus DICE-2016,ecs_central,3.00252,default,9,48.30497623004057,90.94707355114112,323.0911403535171,0.20382932622246766,0.34062520133247165,0.7641948442332549,1.0,1.0,1.0,0.7961706737775324,0.6593747986675284,0.2358051557667451,interior,interior,interior,2135,1.539260277854321,1.9561705574095867,2.7410644338870642,6681.132675499639,10.2,ok,2026-08-07T14:54:40
35,no_near_term_ramp,hs_low,Howard-Sterner Low,ecs_central,3.00252,default,9,48.30497623004057,90.94707355114112,323.0911403535171,0.20382932622246766,0.34062520133247165,0.7641948442332549,1.0,1.0,1.0,0.7961706737775324,0.6593747986675284,0.2358051557667451,interior,interior,interior,2135,1.539260277854321,1.9561705574095867,2.7410644338870642,6681.132675499639,10.2,ok,2026-08-07T14:54:50
36,no_near_term_ramp,hs_central,Howard-Sterner Central,ecs_central,3.00252,default,9,85.60226597772252,155.91170452352674,501.3770195858148,0.2864029521137298,0.46756282126533655,0.9765063677711732,1.0,1.0,1.0,0.7135970478862702,0.5324371787346635,0.023493632228826833,interior,interior,interior,2105,1.5176367145705507,1.8657061513032638,2.310642568204264,6617.021454670501,9.9,ok,2026-08-07T14:55:00
37,no_near_term_ramp,hs_high,Howard-Sterner High,ecs_central,3.00252,default,9,152.71107872635446,266.3802342746992,801.5803699960011,0.4048485780241247,0.6416687809919268,1.0,1.0,1.0,1.0,0.5951514219758753,0.3583312190080732,0.0,interior,interior,binding,2085,1.4863962707498333,1.7378128818593286,1.8647271847885065,6516.877048338876,9.6,ok,2026-08-07T14:55:10
38,no_near_term_ramp,weitzman,Weitzman (2012),ecs_central,3.00252,default,9,53.60210006278573,105.66848191805151,374.7381052214152,0.2169465896983399,0.3733632271997991,0.8402348621670832,1.0,1.0,1.0,0.7830534103016601,0.6266367728002009,0.1597651378329168,interior,interior,interior,2135,1.5360852453093208,1.9377664649145996,2.5998037602402424,6682.22273131492,10.3,ok,2026-08-07T14:55:20
39,no_near_term_ramp,dietz_stern,Dietz-Stern (2015),ecs_central,3.00252,default,9,45.08411610463575,85.00636396698707,305.07897278843456,0.19561400907441395,0.32728798342163085,0.7393876141503005,1.0,1.0,1.0,0.804385990925586,0.6727120165783691,0.2606123858496995,interior,interior,interior,2140,1.5413932228119527,1.9653637839566254,2.7876284462225653,6686.789814035465,10.3,ok,2026-08-07T14:55:31
40,no_near_term_ramp,kahn,Kahn et al. (2021),ecs_central,3.00252,default,9,90.61921123838607,164.4522170993525,524.0702156839601,0.2963235925236623,0.482521408529211,1.0,1.0,1.0,1.0,0.7036764074763378,0.517478591470789,0.0,interior,interior,binding,2100,1.5150300921533417,1.8548970868001962,2.2593459117281163,6609.036869913802,9.8,ok,2026-08-07T14:55:40
