PERIOD,EIND,ECO2,CO2PPM,TATM,Y,DAMFRAC,CPC,CPRICE,MIUopt,RSHORT,ECO2E,L,AL,YGROSS,K,Sopt,I,YNET,CCATOT,CACC,RES0,RES1,RES2,RES3,DAMAGES,ABATECOST,MCABATE,C,PERIODU,TOTPERIODU,MAT,FORC,TBOX1,TBOX2,F_GHGABATE,IRFT,ALPHA,RFACTLONG,RLONG,SCC,ABATERAT,ATFRAC2020,ATFRAC1765,FORC_CO2,RR,YEAR,ramp_case,damage_key,damage_name,MIU_BOUND,MIU_SLACK
1,37.336200100524344,43.23620010052434,416.2031931455399,1.24715,132.76208581410728,0.0157404771997,12.871574234829078,5.760332870050511,0.05,0.0,52.698200100524346,7752.9,24.492762694442995,134.89143646541942,295.0,0.24833940900164392,32.970057928900935,132.7681808853007,633.5,334.98719860000006,150.093,102.698,39.534,6.1865,2.123255580118715,0.006095071193412287,5.760332870050511,99.79202788520635,1.7254022384519527,13376.871014494143,886.5128014,2.791838464297747,0.1477,1.099454,0.518,43.959136523400005,0.4471535905391101,1000000.0,0.0,0.0,4.590972758552898e-05,1.0,1.507674832312925,2.327838464297747,1.0,2020,standard_dice2023,hs_high,Howard-Sterner High,0.05,0.0
2,37.894345625381106,43.20434562538111,430.0651703663082,1.4249085572083096,152.53132030242827,0.02054728769162332,14.094427075434153,16.610429012691608,0.09999999999981579,0.025774349542850357,52.479970625383004,8137.367350850203,27.127184199296615,155.76929630251797,339.0448396445047,0.2480788176148035,37.83978958985128,152.56865975786843,692.4096613381254,364.3708484578889,162.89254087884058,113.2195996364775,44.85625704537988,7.070415319538644,3.2006365446495533,0.03733945544014779,16.610429012691608,114.69153071257699,1.8287623469049157,13081.96263866541,916.0388128802365,3.014116526874113,0.16507616512954026,1.2598323920787693,0.5345802187500182,45.25779026147249,0.5119061743997878,879086.7031950536,0.025774349542850357,134.83798489233354,0.0002447986116301476,1.0333057925769469,1.5578891375514226,2.5135988081240948,0.8790867031950537,2025,standard_dice2023,hs_high,Howard-Sterner High,0.1,1.842137553609291e-13
3,34.1918532645143,38.970853264514304,441.6433157534184,1.544061602185442,174.18412327691908,0.024127357461195962,15.450208095894736,64.12156479699811,0.23999999999989519,0.042566994144839804,47.06675326451542,8481.17060833459,29.88194823638656,178.86616969416906,389.40153531094006,0.2477164489484848,43.148272481363506,174.5506016802429,745.5469033131926,392.84664075841147,174.43778047797753,122.49436409675008,48.59673996837779,7.171378011675817,4.3155680139261525,0.36647840332382314,64.12156479699811,131.03585079555558,1.9338365167110432,12703.377010248798,940.7002625547811,3.1876858944658677,0.18326698165706773,1.3607946205283743,0.5375894133437763,46.29510274751219,0.5686305944244541,710556.5672928564,0.034170671843845084,157.52666520910256,0.0021039713403798194,1.0611242850291696,1.5998303784945258,2.6642214811220915,0.7745396070563381,2030,standard_dice2023,hs_high,Howard-Sterner High,0.24,1.0480505352461478e-13
4,30.67683835449162,34.97793835449162,451.42032167699784,1.6348584011705758,197.625790899361,0.027048351357805474,16.926500066976338,116.69047362166832,0.3599999999999443,0.042321560352256586,42.01713835449223,8786.618184800645,32.76133144425404,204.20586754034704,445.67907499257456,0.24743277374529904,48.89909760583737,198.68243548579025,793.2397562645039,419.71447109249846,184.7999909263528,130.5934151708276,51.0693484138495,7.062530660975409,5.523432054556791,1.0566445864292666,116.69047362166832,148.72669329352362,2.038720393527929,12252.240509609928,961.5252851720054,3.324270305851209,0.20200416229660012,1.4328542388739756,0.5300888448889972,47.18376019163292,0.6208750239603102,575040.6642792363,0.03688763467998225,182.43001058741763,0.00534669377726793,1.0846152290790885,1.6352470836258595,2.7883689609622118,0.6839684848167449,2035,standard_dice2023,hs_high,Howard-Sterner High,0.36,5.56776846849516e-14
5,26.481954566293325,30.352944566293324,459.1424555707613,1.7057026907604418,222.78437936645506,0.029443347292986203,18.524191161449863,175.88251091998742,0.4799999999999951,0.041758697403384205,36.25234456629338,9056.484468787621,35.77082342901956,231.847267884951,507.66452502155227,0.24696673066754496,55.02032981593147,225.02090825768437,834.6263727988553,444.65294243313383,193.79188769756684,137.3248833646229,52.18830131287546,6.668357990656334,6.826359627266619,2.236528891229321,175.88251091998742,167.7640495505236,2.1428562816736445,11747.95070333682,977.9734303657215,3.42303368909926,0.22101936525642377,1.484683325504018,0.5127457654494271,47.952657613246785,0.6688894406618411,466681.6211603854,0.03810540036083275,209.6969713941436,0.010038984320128137,1.103168988446963,1.6632201196695944,2.884537923649833,0.6053540109381833,2040,standard_dice2023,hs_high,Howard-Sterner High,0.48,4.884981308350689e-15
6,22.411983522726366,25.895874522726366,465.00536938596355,1.7607897581695942,249.87784182271085,0.031375851393446376,20.26009614461601,229.3944539379204,0.584673083018796,0.04110526292392256,30.75156534088287,9293.783346442808,38.91697193191157,261.82462822476725,574.8724744596338,0.24646001913304152,61.58489767654844,253.60965759844262,869.9357190256434,467.4742822335411,201.4632217023303,142.7422955058332,52.13852713196822,6.117392451970515,8.214970626324643,3.7318157757317856,229.3944539379204,188.29294414616243,2.2467406653877857,11212.680634997583,990.4614367921023,3.4900121274753415,0.24009087244407945,1.5206988857255148,0.4878459513653513,48.61570070521364,0.7124638951433003,379980.88816229085,0.03870537287345071,239.58643127118611,0.014934560617741854,1.117255650711354,1.6844582258369087,2.95647867610999,0.5369872355398027,2045,standard_dice2023,hs_high,Howard-Sterner High,0.6,0.01532691698120403
7,19.863547954566993,22.999049854566994,469.9020201654369,1.8063952247509634,279.61053032336997,0.033022204724991205,22.165420160400082,259.6655520424896,0.6518226439808399,0.040535196038478674,27.190234777647635,9501.598424748781,42.20724423002605,294.26253311564204,647.3809358264115,0.2467847293290953,69.00360904341765,284.5453355042028,901.2952088737031,488.4039059213226,208.27627817044396,147.3243638262854,51.56834018912684,5.72232076652443,9.717197611439236,4.934805180832817,259.6655520424896,210.6069212799523,2.3514468258003185,10666.743992182246,1000.8913029523806,3.5415573548056627,0.25911267804298654,1.5472825467079767,0.46006118014098757,49.20331032359289,0.7528235063109779,310270.6487146406,0.03901034340095536,272.54987086346256,0.017648853121253007,1.1290206992744511,1.7021960934564295,3.0158711746646754,0.47741937304537674,2050,standard_dice2023,hs_high,Howard-Sterner High,0.72,0.06817735601916008
8,17.791680832811828,20.61363254281183,474.0171365656491,1.8456301260635772,311.91690638305664,0.03447226768980258,24.241579541287273,292.7242044503371,0.7047162704638059,0.040140872334675434,24.270352428455674,9682.961394142814,45.64990703393735,329.5734246198469,727.2900140132261,0.24745894169948884,77.18662755172973,318.21228130290655,929.4021526190152,507.7456517341826,214.38258078534955,151.22701098640457,50.66042216279563,5.3864869502827455,11.361143316940334,6.295374919849878,292.7242044503371,234.73027883132693,2.45622081426059,10117.974761390273,1009.6565008848326,3.5819044624347605,0.2780097640919611,1.5676203619716162,0.431034351009289,49.73421685800427,0.7907491086172047,253849.2572072244,0.03917184753434395,308.6969225333162,0.02018285893140624,1.1389079766139434,1.71710289266128,3.0653076114254714,0.4254200792165602,2055,standard_dice2023,hs_high,Howard-Sterner High,0.84,0.13528372953619405
9,15.274105479687101,17.813862018687104,477.0643661420993,1.8782110708061397,346.8969045408432,0.03570008948416731,26.49719511068165,328.5425816672817,0.7598093145327213,0.03962313743784361,20.87148944468556,9840.769455788895,49.253925143005034,368.00232206910755,815.3906181333186,0.24832771669032247,86.14411623156835,354.8646062408591,953.6915745152343,525.5444746325628,219.6593581826317,154.32246156262468,49.24374204279297,4.921538094622212,13.137715828248497,7.967701700015877,328.5425816672817,260.7527883092748,2.560797729097597,9574.64028896174,1016.1470998826715,3.6074602539285534,0.2966842795612419,1.5815267912448978,0.4003209181372831,50.20809412792626,0.8258148600112103,208226.1873584471,0.03922825877228141,348.1184618521377,0.022968500426840132,1.1462294715631294,1.7281413263310739,3.1016393357912704,0.37994272512233224,2060,standard_dice2023,hs_high,Howard-Sterner High,0.9,0.14019068546727875
10,12.267087894246346,14.552868779346348,478.8096163039183,1.9030560128508398,384.73942097125513,0.03665081654304309,28.94516876995198,367.2450494675889,0.8171268127793289,0.039063058734106246,16.94416429374065,9977.733279871927,53.028877889485706,409.7694167917237,912.2005872593852,0.24934343094247946,95.93224724379569,394.75103307194047,973.5345916673291,541.6701089399832,223.96995182599463,156.468779662138,47.154714429154154,4.271036810059127,15.018383719783227,10.011612100685356,367.2450494675889,288.8071737274594,2.665124847570548,9043.785801054779,1019.864482727346,3.6152940353776577,0.31502051886605204,1.5880354939847878,0.3675131826786663,50.61796036338343,0.8570998250282651,171281.71111954175,0.039209903212484166,390.96057102714093,0.02602179957388185,1.1504227362726789,1.7344634059988877,3.1223433526989917,0.3400954478295329,2065,standard_dice2023,hs_high,Howard-Sterner High,0.95,0.1328731872206711
11,8.721787367658365,10.778990164248366,479.0179845869739,1.9188193779744815,425.6624130922292,0.03726050218953861,31.60596251199003,408.9568017542297,0.876693042995745,0.038495454842978595,12.434077794637979,10096.34802650772,56.98489172480855,455.1172431053856,1018.3065609897731,0.2503336272618781,106.55761585842167,438.15934607216064,988.231878501592,555.9235713313376,227.16239565752488,157.50821468686476,44.2318928754425,3.4058039504221727,16.957897033224995,12.496932979931437,408.9568017542297,319.1047972338075,2.7694124526998527,8531.361160009792,1020.3083071702544,3.602420131988521,0.3328849227208348,1.5859344552536467,0.33223493715655245,50.954430564559125,0.8834662782092546,141292.5212616906,0.039138458375533605,437.40988476807473,0.029358789020499442,1.1509233770329788,1.7352182094732216,3.1248101948319684,0.3051169779497439,2070,standard_dice2023,hs_high,Howard-Sterner High,1.0,0.12330695700425498
12,4.5648421665601475,6.416324683491148,477.43253770497364,1.9239318715054115,469.8700989129286,0.03745932012348647,34.5100341701913,453.99312784333864,0.9387763333630321,0.03796250365747224,7.259298043498899,10198.881210062771,61.13258699931882,504.2742498244934,1134.0879204909597,0.2509339498910943,117.90635985594035,485.38447927028665,996.9806168210508,568.0493115094571,229.06223425628295,157.25984855307516,40.30722820298096,2.301994299254761,18.889770554206688,15.514380357358066,453.99312784333864,351.96373905698823,2.8741140999506394,8042.1407826405775,1016.9313053115937,3.565430452294987,0.35012358327769344,1.573808288227718,0.29410467647986566,51.20611316349972,0.9036025900421112,116865.04902104044,0.03903155340116439,487.80792274056375,0.03301844572202291,1.14711406728209,1.7294750090333226,3.106013275815121,0.2743564234645314,2075,standard_dice2023,hs_high,Howard-Sterner High,1.0,0.06122366663696788
13,0.0,1.6663342652379007,473.9314417720253,1.917329760907555,517.661289129994,0.03720267253006564,37.709996539121974,499.7794497774817,1.0,0.03750232074182795,1.6663342652379007,10287.372420298283,65.4830369273967,557.3874198174807,1259.1993754504088,0.2505972795105232,129.72451076388685,536.6511181656327,999.2526842675164,577.7787132931026,229.55470334256665,155.60467686869126,35.31083042499215,1.0037603381638627,20.736301651847956,18.989829035638785,499.7794497774817,387.9367783661071,2.980201071448298,7580.493103901548,1009.4739709744139,3.5027566366701497,0.36657516653442995,1.5507545943731251,0.2532241264491643,51.363474006748916,0.9163762692929774,96883.40432265567,0.03890411734621969,542.8948161739755,0.03668388854718882,1.1387020800830299,1.716792467643561,3.0642825102209854,0.24725633534918434,2080,standard_dice2023,hs_high,Howard-Sterner High,1.0,0.0
14,0.0,1.4997008387141106,471.15068551430284,1.9112254160713285,572.0497549541085,0.03696615982129467,41.295494692039334,497.28678937264675,1.0,0.037195674878357295,1.4997008387141106,10363.64102481578,70.04773681714137,614.4711918297648,1392.1671930291463,0.2518628332166416,144.07807202362733,591.7565515470043,1001.2975449693355,585.7465848238705,229.99781182417723,153.9454018288503,30.99915969797397,0.6085867944635068,22.714640282760502,19.706796592895742,497.28678937264675,427.97168293048117,3.0893526443926618,7150.615749411924,1003.550960145465,3.454130938370702,0.38235159009524533,1.528873825976083,0.21802597287273046,51.48943896959062,0.9267048298391537,80441.47197800678,0.038772698694845655,603.9940606664846,0.034449445039053776,1.1320208332701298,1.7067193199752806,3.030917465497972,0.22333849974928563,2085,standard_dice2023,hs_high,Howard-Sterner High,1.0,0.0
15,0.0,1.3497307548426996,468.73994530673315,1.9077201695459047,631.5916026403487,0.03683069000235763,45.2444541947675,494.8065611634464,1.0,0.037151519755582736,1.3497307548426996,10429.298922958658,74.83858181130347,677.0004790297712,1542.4511659299174,0.2528907359902949,159.72366523700765,652.0660842551781,1003.1379196009726,592.7218360976311,230.3964961485774,152.28484693279833,27.267374225200054,0.4673661967657703,24.93439477459312,20.474481614829422,494.8065611634464,471.86793740334105,3.1996042258249897,6747.071971827099,998.4160835033415,3.4146776901708433,0.39752930885626686,1.510190860689638,0.18772036264342093,51.60736939201368,0.9364589067536571,66804.62168424918,0.038656900199184024,670.9292155364207,0.03241727966178857,1.126228613875199,1.6979865365703086,3.001832327527423,0.2021919989213666,2090,standard_dice2023,hs_high,Howard-Sterner High,1.0,0.0
16,1.0213603023994656e-14,1.2147576793584398,466.57839427995583,1.906819872139372,696.4177268881091,0.03679593569083039,49.55438631636173,492.33870314404635,0.9999999999999999,0.03679283944932111,1.2147576793584416,10485.766194134481,79.86785158968956,745.1207548111241,1709.4203151549955,0.25387351765290306,176.80201808092298,717.703339435191,1004.7942567694461,598.9822769531402,230.75519961264266,150.62635538625557,24.030000964284152,0.40042385312353335,27.41741537593312,21.285612547081893,492.33870314404635,519.6157088071861,3.3099519688499797,6367.526162838297,993.8119798163059,3.3823158688627486,0.4121690402161262,1.4946508319232459,0.16162723223598544,51.72256802957015,0.9460665807986253,55579.146491076965,0.0385326294825265,743.4294466556804,0.030564432416439302,1.1210351144922632,1.6901564282590236,2.9756261366267633,0.1834631629258703,2095,standard_dice2023,hs_high,Howard-Sterner High,1.0,1.1102230246251565e-16
17,7.654244953533894e-13,1.093281911423352,464.6119851286829,1.9081849513279467,766.8004522276183,0.03684863846176132,54.23205948576452,489.8831536178615,0.9999999999999921,0.03627544441272159,1.0932819114234742,10534.288095592989,85.14820069487496,819.1219778803709,1893.4056923004885,0.25496113495927414,195.50431358723822,788.9384482613742,1006.2849602210732,604.6614318969788,231.0779212670599,148.97301399414326,21.215512423531433,0.3570806393598859,30.18352961899664,22.137996033755964,489.8831536178615,571.29613864038,3.4198392368711845,6010.762154947206,989.6235283240944,3.3558411748352546,0.42632204887358743,1.4818629024543593,0.13916104695518464,51.83615752832349,0.955617805743655,46359.7138325405,0.038391555415663685,821.1215313882103,0.028870608995395435,1.1163104771428678,1.6830332114355346,2.9516801278800697,0.16684709946278883,2100,standard_dice2023,hs_high,Howard-Sterner High,1.0,7.882583474838611e-15
18,1.0473569152458726e-12,0.9839537202813755,462.80325667478434,1.90511430421039,843.1221415268843,0.03673014038252323,59.28480029251577,487.4398511960362,0.9999999999999898,0.03567178738958703,0.9839537202815338,10575.952337107223,90.69265334609278,899.4189983496125,2095.558695182707,0.2563435458199571,216.12891931831723,866.3832122775228,1007.6265933275381,609.8556566102475,231.36825747191423,147.32304039901757,18.757475661706934,0.3221631846518192,33.03578607208969,23.261070750638535,487.4398511960362,626.9932222085671,3.528848662380529,5675.788097009086,985.7709367172906,3.314382288563921,0.43989676262924304,1.465217541581147,0.11981766142841549,51.92205855263098,0.9628925804521471,38786.48684520118,0.038231569061188596,903.5760407765201,0.027589206361622775,1.1119646948814954,1.6764811848933514,2.9295646271355054,0.1520805429376764,2105,standard_dice2023,hs_high,Howard-Sterner High,1.0,1.021405182655144e-14
19,1.9004622383802517e-12,0.8855583482541957,461.1287564126235,1.9017006355160306,926.0131018581629,0.0365986289080754,64.71867938953179,485.00873479587443,0.9999999999999825,0.03500498723747236,0.8855583482544676,10611.705916445464,96.51460179162636,986.574581716302,2318.0510505100233,0.258352185725743,239.23750887573146,950.4673047099272,1008.8340631233579,614.6298119644699,231.62944663709095,145.6776713839195,16.605531806521494,0.2916013313560007,36.107277006374645,24.45420285176435,485.00873479587443,686.7755929824315,3.6366400295979293,5361.665447395831,982.2042511588879,3.2771761695965944,0.4529341902693893,1.4487664452466413,0.10316300648986833,51.99854957424919,0.969408259780368,32558.77679129547,0.03805231451542657,990.3038782714003,0.026408052761558002,1.1079414190159127,1.6704153931273604,2.9090131631067258,0.13893580799836686,2110,standard_dice2023,hs_high,Howard-Sterner High,1.0,1.7541523789077473e-14
20,2.047700075945195e-12,0.7970025134291135,459.57067822615807,1.8989869771100545,1016.2147839187728,0.03649425357704386,70.50999227862611,482.58974363934897,0.9999999999999821,0.03428805054114411,0.7970025134293905,10642.371062784383,102.62780741390962,1081.4088409343562,2564.973509194321,0.2615798221617088,265.8212824555719,1041.9436324728408,1009.920785939596,619.0352413178795,231.86440380062666,144.03876924077963,14.718221193479359,0.2641503868309383,39.46520846151549,25.728848554068048,482.58974363934897,750.3935014632009,3.7424401844959663,5066.80127951907,978.8855446217166,3.2436467814194647,0.4654705683331262,1.4335164087769283,0.08882334858777928,52.070950344703085,0.975608572326976,27429.161064592914,0.037854195358885394,1079.95579035595,0.025318317506513057,1.104197867279344,1.6647713343906745,2.8898234328316854,0.12721566914074153,2115,standard_dice2023,hs_high,Howard-Sterner High,1.0,1.787459069646502e-14
21,-12.128857217022338,-11.411554954937978,451.379053335048,1.8657368855496799,1108.6818334931154,0.035227458156138265,76.8300094552192,559.2872405679138,1.0999999999999905,0.03345533632755261,-12.961554954937831,10668.660025517325,109.04640394293793,1185.1583280450493,2843.6976197220147,0.2606776571304709,289.00858285810017,1143.4082126354435,994.3609891643874,620.9236055607352,228.48206961237042,138.69975924992707,8.678114921408667,-2.422560180053859,41.75011540960576,34.72637914232804,559.2872405679138,819.6732506350152,3.8488640481897027,4793.97409567214,961.4373836036523,3.114525014390949,0.4768671179233411,1.3888697676263388,0.06167440313407936,51.96834263396838,0.9668308905284406,23204.124388773478,0.037634252407318755,1174.4322009818436,0.031322222564895745,1.0845160747654516,1.635097591162674,2.7878506112568693,0.1167490179652441,2120,standard_dice2023,hs_high,Howard-Sterner High,1.1,9.547918011776346e-15
22,-12.81506751812421,-12.169495482248285,444.05436420625,1.8268950246332363,1214.189087944505,0.03377595976202029,83.79566017306747,556.4977838183218,1.1,0.03302691254100661,-13.719495482248286,10691.188580293347,115.78490225342959,1294.4173609994468,3124.217921760154,0.2621617061004362,318.313882824064,1250.697172299069,977.7677310756933,619.9319353163809,224.87516350998197,133.17185370645987,3.150930630408184,-3.362152087537681,43.720188700377804,36.50808435456395,556.4977838183218,895.875205120441,3.956924891920096,4542.93174942893,945.8357957593124,2.99838935990199,0.48723593822289746,1.3396590864103388,0.03829916109844232,51.787724548608665,0.9515358047339159,19671.983684666426,0.037414855270827704,1274.186948408499,0.030067873873227038,1.066917245036539,1.608564278502232,2.6950901988035474,0.10738717442828309,2125,standard_dice2023,hs_high,Howard-Sterner High,1.1,0.0
23,-13.553776862680778,-12.972762030392447,436.9862530769753,1.787312437254748,1329.1920621084287,0.03232819577345894,91.40270878966541,553.7222395422966,1.0999999999999936,0.032751990460919214,-14.522762030392348,10710.488216436619,122.85819632134653,1413.3015189153798,3436.388854740474,0.26348669740833885,350.22442666632946,1367.6120307249566,960.0792090817031,617.2984900277457,221.03025362399066,127.44025631283839,-1.925079863407996,-3.7647110194638076,45.68948819042328,38.41996861652789,553.7222395422966,978.9676354420992,4.065591003874479,4310.934600459176,930.7807190539573,2.887289999095295,0.49663278164293834,1.2906796556118096,0.01817307770575978,51.57282761169319,0.9335934466627496,16700.44762975838,0.03720290687037731,1379.448977620011,0.02890475327966094,1.049934888231787,1.5829604065543492,2.604116921389535,0.0990007489129683,2130,standard_dice2023,hs_high,Howard-Sterner High,1.1,6.439293542825908e-15
24,-14.344892559991916,-13.821979210932417,429.9635362287041,1.7474541419845857,1454.080294138733,0.030902391300791535,99.66862698838254,550.96053835111,1.1,0.032317876366764295,-15.371979210932418,10727.017031110336,130.2815699981929,1542.1975723964642,3780.2753881673507,0.2647262579092789,384.93323496697036,1494.539979551138,941.2327689249913,613.4104367578517,216.93372409756884,121.49214773484428,-6.600161602789939,-4.003378062483481,47.65759284532632,40.45968541240485,550.96053835111,1069.1470591717627,4.174329916245828,4096.165602828654,915.8223321671396,2.7781032695659422,0.5050910152799623,1.2423631267046236,0.0008445199046591568,51.332944799764974,0.9138869066776114,14208.581902786487,0.036990514239785444,1489.3490983189595,0.027824932072523234,1.033061599021304,1.5575209730733668,2.512258749661283,0.09147696890676346,2135,standard_dice2023,hs_high,Howard-Sterner High,1.1,0.0
25,-15.189784409585561,-14.719162395432013,422.9010812903032,1.7069864478548393,1589.418759765421,0.02948768365958003,108.62190194756,548.2126112020711,1.0999999999999979,0.03180265835733325,-16.26916239543198,10741.169394206017,138.0707043293653,1681.6353088601236,4156.880988793791,0.2659415641276481,422.69251102584263,1632.047778841676,921.1630083639986,608.3837052156529,212.57136213901512,115.31491575927987,-10.916359695663624,-4.190615054285678,49.58753001844748,42.62901907625494,548.2126112020711,1166.7262487395785,4.282840554729433,3897.230397471454,900.7793031483458,2.6692797029266853,0.51263278243512,1.1943536654197193,-0.01407536836208815,51.06888895441281,0.8925792552658055,12119.70753555394,0.0367743535780166,1603.3209169271624,0.026820508323776464,1.0160928321912734,1.5319375903883432,2.418355071288773,0.08471739814379423,2140,standard_dice2023,hs_high,Howard-Sterner High,1.1,2.220446049250313e-15
26,-16.090980186115022,-15.667420373376828,415.7540668550114,1.6655013045148035,1735.9069680132782,0.028071813304845986,118.3050487618798,545.478389396863,1.099999999999993,0.03124250784359974,-17.21742037337672,10753.284470433224,146.2416851980182,1832.27518683937,4568.05921020206,0.2671451482904374,463.73912438831076,1780.8398998713135,899.8002862841284,602.2441238829542,207.92803384997666,108.8955941687479,-14.908718337244228,-4.358747280306149,51.435286968056595,44.93293185803522,545.478389396863,1272.1678436249674,4.391020704148866,3713.0257932484774,885.5561624011742,2.5597954771977953,0.5192728082014791,1.1462284963133245,-0.026921392159756856,50.779451287080285,0.8696764529207411,10366.923554658011,0.03655307974863993,1720.6062494032694,0.025884412405729522,0.9989208965766597,1.5060478952400922,2.321716869357552,0.07863598775679807,2145,standard_dice2023,hs_high,Howard-Sterner High,1.1,7.105427357601002e-15
27,-17.051568797195802,-16.67036496573143,408.4913726739234,1.6226238864174487,1894.3245622297427,0.02664503176093735,128.7688566370795,542.7578045798081,1.0999999999999983,0.030667953336912933,-18.220364965731402,10763.653696310677,154.811011120527,1994.8553727327812,5016.088904973769,0.2683284547184664,508.30118251834216,1941.7023879678397,877.0700368080834,594.9834130126266,202.98753514091052,102.22075821519,-18.60581794185228,-4.5158516187914275,53.15298476494147,47.37782573809707,542.7578045798081,1386.0233797114006,4.4988466813915915,3542.576386435281,870.0866237954568,2.4488157170593325,0.5250198383400303,1.0976040480774183,-0.0379818186495504,50.462913334168576,0.8451589361628563,8893.14311886922,0.03632672873280428,1840.2319049122927,0.025010405652097074,0.9814710204087267,1.4797391561147224,2.2217975357088826,0.0731574087053672,2150,standard_dice2023,hs_high,Howard-Sterner High,1.1,1.7763568394002505e-15
28,-18.0749247709649,-17.73184132264696,401.0874893700238,1.578010358986426,2065.5067954367705,0.025199980933852912,140.06130170802362,540.050788736132,1.0999999999999979,0.03009094083436928,-19.281841322646926,10772.527313306535,163.79560105551008,2170.1656724335676,5503.456250089673,0.2695186471812605,556.692597249819,2115.4775388649396,852.8924511486248,586.5760987904742,197.73252259300506,95.27658367878638,-22.030048383764573,-4.6627055298764155,54.68813356862799,49.97074342816895,540.050788736132,1508.8141981869517,4.606245417678063,3384.9209116450565,854.3163523581505,2.3355853253099443,0.5298773064969724,1.0481330524894537,-0.04750484585726258,50.117359022197476,0.8190100928847613,7650.9195218191135,0.03609577362545483,1961.4549698743406,0.024192969753751004,0.9636819130067789,1.452918966595494,2.1180901711672067,0.06821562284531751,2155,standard_dice2023,hs_high,Howard-Sterner High,1.1,2.220446049250313e-15
29,-19.163310061910195,-18.854534958424054,393.5208481551555,1.5313390366855,2250.388785774549,0.023731392362201974,152.24223509525032,537.3572741903029,1.0999999999999988,0.029504180469937174,-20.404534958424033,10780.12005685815,173.21280211709723,2359.0887509363165,6033.1988673645465,0.2707084293941903,609.1992137233271,2303.1042901705896,827.1840587864431,576.984652215962,192.1448570515611,88.0493761929197,-25.197275589224034,-4.797551084775614,55.984460765726695,52.71550439604076,537.3572741903029,1641.1895720512218,4.71323702822644,3239.225378041974,838.1994065704811,2.219401793590951,0.533843802758693,0.9974952339268068,-0.05570417228310289,49.740735479898376,0.7912236039835295,6601.553084584261,0.03586035958418634,2083.202072222173,0.023425065361715663,0.9455017516349213,1.425509194847757,2.010105965874054,0.06375265675920054,2160,standard_dice2023,hs_high,Howard-Sterner High,1.1,1.3322676295501878e-15
30,-20.30216630027723,-20.0242687071397,385.7821123677519,1.482345469003247,2450.0029934189242,0.022237162665481498,165.37972346726107,534.6771936043162,1.1,0.028921603032137276,-21.5742687071397,10786.616096298938,183.08039710603876,2562.5567743116057,6608.539667806728,0.27188350710378095,666.1154062654987,2505.5727824817072,799.8807199438746,566.1648206005631,186.21059990994596,80.53093169998999,-28.11105693458001,-4.914575332044414,56.983991829898734,55.56978906278298,534.6771936043162,1783.8875871534256,4.819873413754885,3104.7227400360284,821.7158993433115,2.099732667253962,0.5369143302291991,0.9454311387740478,-0.0627637923357516,49.33110046980922,0.7618235745468146,5712.7294518264425,0.03562109211687431,2204.202895800149,0.02268151884387561,0.9269081033524166,1.3974760192913462,1.8974964595897132,0.059717548110899375,2165,standard_dice2023,hs_high,Howard-Sterner High,1.1,0.0
31,-21.493057307047046,-21.24294947322327,377.8635252584815,1.4307856548477271,2665.3870140484196,0.020717133611994558,179.53645657293734,532.0104799760157,1.0999999999999992,0.028347813823612962,-22.792949473223256,10792.173314159341,193.4166117904518,2781.5487375779144,7232.853619770689,0.27305545298571654,727.7984585032376,2723.923020733238,770.9156947554055,554.0663859548399,179.91524754812502,72.71386266606189,-30.76947280024308,-5.010328613378342,57.62571684467644,58.53600668481828,532.0104799760157,1937.5885555451819,4.92612604670303,2980.6409131697774,804.8493088005656,1.9760648529787166,0.539080511732166,0.8917051431155611,-0.06884212520108202,48.88648358558274,0.7308552528757879,4957.778973837501,0.035378649507098923,2323.8352415741597,0.02196154118568648,0.9078823312303335,1.3687913414975605,1.7799069781797987,0.05606543900755078,2170,standard_dice2023,hs_high,Howard-Sterner High,1.1,8.881784197001252e-16
32,-22.73771661108743,-22.51261956064603,369.75980099731703,1.3764281732223727,2897.656839927097,0.019172891702327614,194.78690165135544,529.3570666374251,1.1,0.027770877055375547,-24.06261956064603,10796.927005811509,204.24012188242278,3017.1207295328445,7909.920026454583,0.2742066866445157,794.556881109227,2959.2738005326637,740.2194586487161,540.6310825244309,173.24369123816547,64.59189708231781,-33.16523973721711,-5.0819724589808875,57.846929000180914,61.616960605566916,529.3570666374251,2103.0999588178697,5.032026826655112,2866.299154076843,787.5883761242852,1.847913289161294,0.5403308510707947,0.8360973221515781,-0.07407556979813162,48.40481390943537,0.6983820297455863,4315.026507579619,0.035133237492527204,2441.0872055953173,0.02126440914484448,0.8884117351498014,1.3394360138168115,1.6569888589594257,0.0527567948060842,2175,standard_dice2023,hs_high,Howard-Sterner High,1.1,0.0
33,-24.037667783428688,-23.83508043803143,361.4686362806083,1.3190536304587348,3147.9610598889076,0.01760781309786685,211.20865580680575,526.7168872530701,1.1,0.027199662051564287,-25.38508043803143,10800.99307261681,215.57005966807677,3270.3597572156978,8643.513081967303,0.2753203788592851,866.6978316428907,3212.7758738478587,707.7200307266662,525.7918354489706,166.18028853628573,56.1603890143122,-35.28568618350589,-5.126796089396416,57.58388336783921,64.81481395895106,526.7168872530701,2281.2632282460168,5.137592410484926,2761.0556884453476,769.9281952776956,1.7148258879591096,0.5406510223780899,0.7784026080806448,-0.07858156559619134,47.88390324439107,0.6644873476476764,3766.3454602818056,0.034885313259997115,2555.022825711125,0.02058945861332808,0.8684907810262961,1.3094016926491423,1.5284074535553012,0.049756730118436704,2180,standard_dice2023,hs_high,Howard-Sterner High,1.1,0.0
34,-25.394242259225347,-25.211913648367815,352.9910258188725,1.2584558250347726,3417.479985157978,0.016027155963267176,228.89152380280248,524.0898758183299,1.1,0.02663185727958327,-26.761913648367816,10804.470774021329,227.4260202577019,3542.385502696385,9437.397197985327,0.27635222734617826,944.4282058093913,3485.6111377626535,673.3432736386272,509.47238864442886,158.70892849966117,47.416952982807665,-37.112815724449845,-5.142180763820481,56.77436493373156,68.1311526046756,524.0898758183299,2473.0517793485865,5.242879191990917,2664.3372901587236,751.8708849941984,1.5763870827160267,0.5400241774961462,0.7184316475386264,-0.08246122797832076,47.32144389551398,0.6292783226092612,3296.7788014536377,0.03463520853331791,2664.9529195439945,0.01993607947978257,0.8481218588235024,1.2786919812826503,1.3938483106943473,0.04703442655555047,2185,standard_dice2023,hs_high,Howard-Sterner High,1.1,0.0
35,-26.80821096107495,-26.64411521130317,344.3317054827925,1.1944445975873885,3707.3707746390255,0.01443818271466167,247.93070050146247,521.4759666577814,1.1,0.026073159310480022,-28.19411521130317,10807.44509668376,239.82806742957695,3834.297071775786,10294.829700485314,0.27725129307769497,1027.8733411871256,3778.936790071195,637.013691948822,491.5871592704741,150.81320525867133,38.362383486446994,-38.62341476806801,-5.125641298702526,55.36028170459101,71.56601543216931,521.4759666577814,2679.4974334519,5.347930611533633,2575.6070606391536,733.4265326783479,1.4322250548372695,0.5384312959980513,0.6560133015893372,-0.08580161728933418,46.71501777509048,0.592890767542642,2893.8276565012375,0.034383383556175616,2770.756927903929,0.019303711385365133,0.8273163472880539,1.2473240351672583,1.2530266721266037,0.04456262909374704,2190,standard_dice2023,hs_high,Howard-Sterner High,1.1,0.0
36,-28.27971313764171,-28.13202696284711,335.4995194816622,1.1268494867156287,4018.745372335604,0.01285027242899811,268.4598501934401,518.8750944235595,1.0999999999999999,0.025521552297558342,-29.682026962847107,10809.9887918624,252.79673904668874,4147.155189695821,11218.360695775202,0.277872145960434,1116.6974006794576,4093.8631157028963,598.6553241238328,472.04134762789226,142.47661198282253,29.001824066322285,-39.78947237003378,-5.0749871831706015,53.292073992924635,75.11774336729255,518.8750944235595,2902.0479716561463,5.452940972397178,2494.4400225757377,714.6139764959405,1.28201985130784,0.5358515830078969,0.5909979037077318,-0.0886776924861167,46.062113717100544,0.5554952368790803,2547.142933874912,0.034130188377357984,2873.6378277678755,0.01869183946920126,0.8060954961591157,1.2153298919998987,1.1056975437939567,0.04231720992102711,2195,standard_dice2023,hs_high,Howard-Sterner High,1.1,2.220446049250313e-16
37,-29.806873818397655,-29.673956261082512,326.50833058643,1.0555274109482027,4352.453362953468,0.011275077726461722,290.6604429463227,516.2871940937232,1.1,0.024998593646316906,-31.223956261082513,10812.164126008958,266.3530520298679,4481.764978933557,12207.816810645589,0.27795471840700753,1209.784948879364,4431.232730444347,558.194516568498,450.7317724194021,133.68314389271893,19.346653248175315,-40.57869070729046,-4.988362284507975,50.53224848920994,78.77936749087928,516.2871940937232,3142.668414074104,5.55824006262727,2420.4983085021754,695.4627441490959,1.125523318537281,0.5322629940757444,0.5232644168724583,-0.09115399323054649,45.3601753425679,0.5173048529441598,2247.861555971167,0.0338765329681624,2976.3595710838986,0.01809999118231138,0.7844926131363318,1.1827597689610474,0.9516773117678275,0.04027679028584877,2200,standard_dice2023,hs_high,Howard-Sterner High,1.1,0.0
38,-15.692068085185447,-15.57244228360182,325.129811639671,1.026233770687797,4713.683494464866,0.010657936211252952,313.8380306489344,476.86391817184204,1.0499999999999965,0.02452321472304544,-16.347442283601765,10814.024383842554,280.5185068742681,4838.382415236052,13257.518492914936,0.28,1319.8313784501627,4786.815244088818,536.9612982925206,432.4347995000214,129.06783287301292,14.159798971972933,-35.975256425034466,-2.7258766274521955,51.567171147233836,73.13174962395209,476.86391817184204,3393.852116014704,5.660314860370343,2351.865937179536,692.5264987924992,1.1068039248159953,0.5286224889386808,0.4976112817491162,-0.08588483817150001,44.89052484541509,0.49289650463353274,1988.4655702797409,0.03362374058315923,3068.8783462233782,0.015514777288256298,0.7811804834615435,1.1777661544090121,0.9276887629874954,0.038422412277309165,2205,standard_dice2023,hs_high,Howard-Sterner High,1.05,3.552713678800501e-15
39,-16.52594871810994,-16.418285496684675,322.1110301417571,0.9997845293055124,5095.005508404242,0.010115639342991088,339.176636042136,474.4855494577036,1.05,0.023546970951021415,-17.193285496684677,10815.615158101065,295.3150916987762,5224.488410154255,14427.588987132156,0.28,1426.601542353188,5171.639369645497,514.5747623003135,416.4782680983709,124.20189759382863,8.836807435211833,-32.410134142252545,-2.5320766848453653,52.84904050875734,76.63386124125486,474.4855494577036,3668.4039660510543,5.764016693543152,2290.251322539831,686.0964942019426,1.0584515888926342,0.5247298830340643,0.4750546462714481,-0.08134809566566152,44.477189658426504,0.47216292587792014,1767.6101143565531,0.03335856243494508,3157.9082412153093,0.015040977112752252,0.7739273399306185,1.1668307724522833,0.8747996845582957,0.036737253655250456,2210,standard_dice2023,hs_high,Howard-Sterner High,1.05,0.0
40,-17.38087647009448,-17.283979570811745,318.4301814173532,0.969891314543303,5500.035135763612,0.00951977431970855,366.09358262684316,472.11904290701096,1.049999999999999,0.02326516188242642,-18.05897957081173,10816.975455661643,310.76528582001987,5633.864587737389,15652.35473277761,0.28,1540.0098380138115,5580.231468314331,491.00784169653423,400.7515552775719,119.0794591111075,3.3866224118654022,-29.678214440638364,-2.5315806633721594,53.63311942305779,80.19633255071994,472.11904290701096,3960.0252977498003,5.866407733893658,2234.0837993628984,678.2562864189623,0.9971944710036162,0.5205028094191582,0.44938850512414485,-0.07744196036813442,44.05387687534672,0.4516466070133477,1573.5002665636916,0.03309975729257281,3229.091953791282,0.01458105822438272,0.7650834656282972,1.1534970857465345,0.8096364313717507,0.035206379856489334,2215,standard_dice2023,hs_high,Howard-Sterner High,1.05,1.1102230246251565e-15
41,-18.260234991628693,-18.17302778227423,314.26192966741985,0.9355527231561033,5931.150829641465,0.008857620045784581,394.7470759232577,469.76433935698213,1.05,0.022565440185026382,-18.94802778227423,10818.138645749115,326.8920628442802,6068.738937789018,16942.60813622691,0.28,1660.7222322996104,6014.984354121024,466.2286928251486,384.8507826335444,113.69359939177147,-2.181239135710664,-27.595784679539317,-2.5386653849172496,53.75458366799343,83.83352447955923,469.76433935698213,4270.428597341855,5.96782627019392,2183.2211644124422,669.3779101916042,0.925850035366711,0.5158797646420915,0.41967295851401176,-0.07407877787696375,43.60874196198251,0.43084751202763605,1405.6156698771663,0.032836399364884146,3280.7313749069053,0.014134444880510133,0.7550685214409858,1.1383978064483065,0.7349288132436747,0.033816528158204934,2220,standard_dice2023,hs_high,Howard-Sterner High,1.05,0.0
42,-19.166666638064317,-19.0881801496453,309.689169365383,0.8968217917970644,6390.529454381797,0.008139407981570024,425.281867898325,467.4213799399033,1.05,0.02191578132250477,-19.863180149645302,10819.133272465144,343.7188932719032,6531.246044886651,18308.051839858683,0.28,1789.3482472269034,6478.085568699304,440.2017223456759,368.56379159741016,108.03658571871065,-7.855543775610572,-26.00679856466826,-2.536312630166078,53.16047618734807,87.55611431750616,467.4213799399033,4601.181207154894,6.068478121676807,2137.4808366321054,659.6379307482657,0.8456396658997845,0.5108088304694073,0.38601296132765717,-0.0711830777520658,43.137974803185564,0.4097046589433058,1259.7288500007514,0.03257004282726514,3314.183161169953,0.013700917105932672,0.7440816756470424,1.121833215558275,0.6518227436518502,0.03255591970580151,2225,standard_dice2023,hs_high,Howard-Sterner High,1.05,0.0
43,-20.102224951956032,-20.031587112378915,304.7765493278151,0.8539672193180482,6880.251521680304,0.007380111318098371,457.83627865725265,465.09010608166784,1.05,0.0212968184404152,-20.806587112378917,10819.983750825346,361.2697466098306,7023.45729536496,19757.462767052675,0.28,1926.4704260704852,6971.623398687257,412.8884047667573,351.7143546985112,102.10004872366605,-13.62255765563828,-24.78056200316539,-2.522878996616316,51.83389667770352,91.3718770069524,465.09010608166784,4953.781095609818,6.168490276150677,2096.669877875329,649.1740500682461,0.7574715818238001,0.5052453458678223,0.34872187345022587,-0.06868987994452866,42.63934620773138,0.3882546216279637,1132.4828187640603,0.03230163272281633,3324.7381563053495,0.013280310569901584,0.7322782581853939,1.1040375001160647,0.5611614617683288,0.03141409573057268,2230,standard_dice2023,hs_high,Howard-Sterner High,1.05,0.0
44,-21.06852039950802,-21.004946343888616,299.5789490242325,0.8072745309792284,7402.352200430538,0.006595124743881461,492.54560098804853,462.77045950030777,1.0499999999999998,0.020697058650591012,-21.779946343888614,10820.710962839988,379.5690929886951,7547.4147561225045,21298.936319669367,0.28,2072.658616120551,7497.638614312065,384.24789979826994,334.1447383766548,95.8751168093662,-19.46529286504658,-23.808559118516452,-2.498103404188067,49.77614181043959,95.28641388152717,462.77045950030777,5329.693584309987,6.26793925818934,2060.6000976863265,638.1031614216151,0.6620927231871776,0.49915065942667036,0.3081238715525581,-0.06654323663223914,42.111048450684926,0.36657051782975897,1021.1476214959976,0.03203175890718318,3315.6520754455273,0.012872450715866382,0.7197901264526683,1.0852094582000258,0.46363595981941674,0.03038177480930804,2235,standard_dice2023,hs_high,Howard-Sterner High,1.05,2.220446049250313e-16
45,-22.066833108562797,-22.009616458505334,294.1437694817381,0.7570004269930202,7958.851588553129,0.005799262422252263,529.5441205515492,460.462382204538,1.0499999999999998,0.020109179504595096,-22.784616458505333,10821.332767871645,398.64190428159543,8105.1592461509845,22940.101988004324,0.28,2228.4784447948764,8058.15530070841,354.2375146625932,315.7112856664911,89.35251690352817,-25.362716589693388,-23.001606715412095,-2.461964602320589,47.00394544257389,99.30371215528118,460.462382204538,5730.373143758252,6.3668683621742375,2029.0963263834344,626.5262289961021,0.560130922431567,0.49249119437181316,0.264509232621207,-0.06469497674035787,41.55142120608926,0.3447465545999309,923.4683205755341,0.031760791193488,3285.2452718978407,0.012477140835005065,0.7067311695969629,1.0655207976124186,0.3598258991719249,0.02945072846777657,2240,standard_dice2023,hs_high,Howard-Sterner High,1.05,2.220446049250313e-16
46,-23.098195222868547,-23.04670023781683,288.512501782179,0.7033679779781294,8551.774033361566,0.00500663230594383,568.9664048591193,458.1658164923058,1.0499999999999996,0.019528387774695587,-23.821700237816824,10821.86443950925,418.5136547222261,8698.752038751272,24688.293046871062,0.28,2394.4967293412387,8655.200585772665,322.81305292572813,296.2814241296869,82.52265061925381,-31.288897509849406,-22.28750965672172,-2.414614656641407,43.551452978606875,103.42655241109988,458.1658164923058,6157.2773040203265,6.4652987180292145,2002.0010080030968,614.5316287960412,0.45212383838160103,0.485237729705697,0.21813024827243238,-0.06310362497344807,40.95887468674296,0.322891791690107,837.561384989792,0.03148896000640373,3235.222464277183,0.01209416338734158,0.6932010771029586,1.0451218176803423,0.2502274633550491,0.028613672814881048,2245,standard_dice2023,hs_high,Howard-Sterner High,1.05,4.440892098500626e-16
47,-24.16344964340567,-24.117104156859124,282.7220759111408,0.6465727702846602,9183.160516621421,0.00423073023440863,610.9481293104186,455.8807049493489,1.05,0.018951509322015635,-24.892104156859126,10822.31903947442,439.2103210205148,9330.291261234492,26550.67380795309,0.28,2571.284944653998,9290.817315899747,289.92908216371677,275.7310604729869,75.3756528719029,-37.212075322804225,-21.60916942489542,-2.3563864334733564,39.47394533474339,107.65679927832632,455.8807049493489,6611.875571967423,6.563236573224572,1979.1766947480496,602.1980216907299,0.33854425612130723,0.4773648682591482,0.169207902025512,-0.06173347110213879,40.33186573722236,0.30112554206544573,761.8403428490792,0.031216406730656156,3170.1427894557833,0.011723284057103073,0.6792885796344124,1.0241462953923979,0.13527772722344597,0.027864174224233918,2250,standard_dice2023,hs_high,Howard-Sterner High,1.05,0.0
48,-25.26329132605276,-25.221580388160866,276.80609011358814,0.5867919961389404,9855.076192541215,0.003484567448935149,655.6265798424614,453.60699044775845,1.0499999999999987,0.01837643151282905,-25.996580388160847,10822.707737588475,460.7583819743354,10001.92417848133,28534.332100128217,0.28,2759.4213339115404,9967.071799062276,255.53914435602536,253.94217241408268,67.90143817083882,-43.093643788424735,-20.923030325393587,-2.2877921150777416,34.85237941905347,111.9956065210613,453.60699044775845,7095.654858629675,6.660678141851822,1960.5073348833027,589.5969719419427,0.2198241641129563,0.4688506794313503,0.11794131670759014,-0.06055376861894131,39.668889939786254,0.27957255503564327,694.9603908439097,0.03094321576857473,3093.2763059996782,0.01136425577367173,0.6650744027732466,1.0027159386767732,0.015377932731897588,0.027196567363497594,2255,standard_dice2023,hs_high,Howard-Sterner High,1.05,1.3322676295501878e-15
49,-26.398295942685184,-26.36075609858248,270.7959977563109,0.5241947908420904,10569.614399527874,0.0027807754089093474,703.140920435343,451.344616144556,1.0499999999999994,0.028749070249734256,-27.135756098582473,10823.040085546912,483.18481757624824,10715.85634993394,30646.344431362417,0.28,2959.492031867805,10686.057960110638,219.59592633232413,230.80045111138193,60.08973838690461,-48.88703861727123,-20.197719652619508,-2.209504896071778,29.798389823301378,116.44356058276321,451.344616144556,7610.122367660069,6.7576128617907765,1842.2495393461986,576.7954752209422,0.20546196486159415,0.4596765186189043,0.06451827222318608,-0.05953804478090837,38.96847987497357,0.25835766966522294,601.910944174425,0.030897504403598886,3182.9596414566827,0.011016822012727781,0.6506341186614051,0.9809446857499017,9.642502510969675e-09,0.025188707419722463,2260,standard_dice2023,hs_high,Howard-Sterner High,1.05,6.661338147750939e-16
50,-27.568939490389734,-27.5351536306973,264.7223293230083,0.45895403301845694,11328.898165196058,0.0021316647007699374,753.6322935237242,449.09352548026465,1.05,0.028632526285096466,-28.310153630697304,10823.32425114475,506.5171076145676,11474.35843039202,32893.82008261423,0.28,3172.0914862548966,11449.89894556197,182.0514027017033,206.19284124369563,51.93013474282234,-54.53651838573693,-19.412730377497454,-2.122324521580261,24.459484830048613,121.00078036591209,449.09352548026465,8156.806678941162,6.854025616146536,1730.6293463060738,563.8585614580077,0.20633650308614043,0.449827040492778,0.009126992525678964,-0.05866350655636211,38.22920753115209,0.23760016758990454,521.6239206355453,0.03085128036036414,3304.1021476668434,0.010680719219247925,0.636041082054935,0.9589431317313055,9.642502510969675e-09,0.02332908315216092,2265,standard_dice2023,hs_high,Howard-Sterner High,1.05,0.0
51,-28.775611513772102,-28.745204240048913,258.61602283758606,0.39126044585099645,12135.080192475649,0.0015492175332537078,807.243819166141,446.8536621775002,1.05,0.02851497488854963,-29.520204240048916,10823.567218647515,530.7832297683955,12279.771215688315,35283.929251857364,0.28,3397.822453893182,12260.747178816628,142.85696005096847,180.00483140691014,43.41208600522804,-59.97581769962274,-18.557009385884946,-2.0271302756619596,19.024036871688537,125.66698634097921,446.8536621775002,8737.257738582466,6.949898306922931,1625.3179391134713,550.8521286440583,0.20708948049747475,0.4392904392182848,-0.048029993367288366,-0.057910529145027784,37.44969155370069,0.21740827580774294,452.31190412660294,0.03080455425092785,3472.0316898866754,0.010355678277173559,0.6213696268955631,0.9368233480341128,9.642502510969675e-09,0.02160675066217571,2270,standard_dice2023,hs_high,Howard-Sterner High,1.05,0.0
52,-25.7296463183124,-25.702279771961532,254.32010401065043,0.33455502323579345,12991.485309846272,0.0011327018833516994,864.196591068735,439.79472271362647,1.0428561388075392,0.028396021801297067,-26.36654992347839,10823.77496018767,556.0116571965917,13134.509430759097,37823.919653395176,0.28,3637.6158867569566,13119.631947189975,107.81158266896475,154.10976112627938,35.79573540275458,-63.8986278475075,-16.527173293893824,-1.6681127186677904,14.877483569121486,128.14663734370384,439.79472271362647,9353.869423089316,7.045334425654676,1526.0248877573765,541.7018215426854,0.20879526410164762,0.42834123336201346,-0.09378621012622,-0.05620474554085492,36.72150713317638,0.2000000000000097,392.4432285899394,0.030757328124464505,3710.899030029864,0.009863894257462714,0.6110479405229324,0.9212616012630703,9.642502510969675e-09,0.020011574013965788,2275,standard_dice2023,hs_high,Howard-Sterner High,1.05,0.007143861192460799
53,7.746888758208352,7.771518649924135,264.2026112138417,0.3822405914229352,13905.064474079303,0.0014786116416813156,924.9529083901656,401.11256735106815,0.9876242201088274,0.0282921578557332,7.96334323823731,10823.952582366457,582.2313556209831,14041.231039266058,40522.72574991811,0.28,3893.4180527422054,14020.469511587862,118.40814477685149,143.65658289136877,38.09744468392529,-57.67399432249155,-6.169423339749853,0.4975348637989672,20.761527678195833,115.40503750855963,401.11256735106815,10011.646421337098,7.140770010593139,1432.5307902872987,562.7515618854827,0.21843964855021727,0.41915518206263,-0.03691459063969485,-0.046560361092285264,36.72150713821253,0.20000000000000592,340.67573358010856,0.03070992100391198,4018.397045556929,0.008299496757004497,0.6347923696045601,0.9570604793970795,9.642502510969675e-09,0.0185341655845306,2280,standard_dice2023,hs_high,Howard-Sterner High,1.05,0.0623757798911726
54,-0.2862691015576537,-0.26410219901344917,266.9517843792585,0.4105961892690374,14853.948087906594,0.0017061230140996227,988.0579655411137,407.4298919864954,1.0004388293893072,0.028248081952410815,-0.2709040545477103,10824.104451640827,609.4717799044429,15003.292419581745,43395.35459178018,0.28,4159.105464613846,14977.69495709743,118.04803815152636,137.4407374237057,38.01824206816193,-54.209805131234255,-3.185551634891229,-0.015584574215881518,25.59746248431483,123.74686919083622,407.4298919864954,10694.842623292749,7.233785884662554,1344.0717472353358,568.6073007278206,0.22484658102169272,0.41060387148353333,-7.682214495922934e-06,-0.040153428620809804,36.72150713935595,0.20000000000000354,295.80211110503996,0.030663471210487427,4315.826394184549,0.008330907611800883,0.6413977325875767,0.9670192189248651,9.642502510969675e-09,0.017165830817459142,2285,standard_dice2023,hs_high,Howard-Sterner High,1.05,0.04956117061069287
55,0.526289089719522,0.5462393020093061,269.50297557630876,0.43198764940714907,15862.229116279726,0.001888526891911977,1055.1143522526304,404.61133632859867,0.9992253266425267,0.027878720384483312,0.558246739050142,10824.234301560207,637.7628701248194,16020.309917143604,46420.050255969516,0.28,4441.424152558324,15990.055131048313,118.79284221753305,132.75150423999543,38.17913552447675,-50.718568270789895,-1.454504842396145,0.0352755662467736,30.25478609528983,127.82601476858761,404.61133632859867,11420.804963721403,7.326634064824818,1260.8351345532394,574.0413379775376,0.23054257862372526,0.40263680181324923,0.029350847593899856,-0.03445743101877726,36.72150714034069,0.20000000000000265,257.31398874561756,0.030611901750746615,4616.495546312391,0.008058515220751489,0.647527409723807,0.9762607788733634,9.642502510969675e-09,0.015898517055419562,2290,standard_dice2023,hs_high,Howard-Sterner High,1.05,0.05077467335747332
56,0.6147549103657054,0.6327101014265111,271.56490763740675,0.44808727424595896,16929.316160284026,0.002031915918052673,1126.0826655115902,402.532264986455,0.9991305996721274,0.02781498031675081,0.646185806508537,10824.345324476573,667.1350471460372,17096.402552827207,49617.696238439064,0.28,4740.208524879527,17061.664100338683,119.65555029147157,129.2222970237952,38.365645179174905,-47.41617310355065,-0.5572386450222652,0.0410198370743516,34.73845248852596,132.34794005465776,402.532264986455,12189.1076354045,7.418981500730927,1182.4814414738992,578.4332532676764,0.23546085451886867,0.3951636727813698,0.05292360146458912,-0.029539155123633875,36.721507140686526,0.2000000000000019,223.9050736481036,0.03056104863376487,4912.54438418883,0.007817677855479151,0.6524815573494283,0.9837300225640755,9.642502510969675e-09,0.014724766150228214,2295,standard_dice2023,hs_high,Howard-Sterner High,1.05,0.05086940032787268
57,0.7335489785703521,0.7497086505250772,273.37155203766844,0.4609786056230434,18058.62963737809,0.0021505129014027136,1201.1903653812053,400.4426213937714,0.9990027401879373,0.02770719810672065,0.7651661776120485,10824.44024997311,697.6192076880593,18234.786768487746,52999.79607623353,0.28,5056.416298465866,18195.572624287786,120.67778733881964,126.39638149858585,38.58681538379488,-44.28198630367524,-0.07202598473889033,0.04860274485301087,39.214144199960394,136.94298690969734,400.4426213937714,13002.213338912225,7.5108777335427686,1108.756899543899,582.2814058402338,0.23971441646473435,0.38813144848049386,0.07284715714254955,-0.02528559317776819,36.72150714089311,0.20000000000000265,194.93890331670292,0.03051008701721051,5218.4149829543085,0.007583243560532975,0.6568223323122718,0.9902744997282887,9.642502510969675e-09,0.013637670571608213,2300,standard_dice2023,hs_high,Howard-Sterner High,1.05,0.05099725981206271
58,0.7864541626781186,0.8009978674373712,274.9939044219439,0.4717602049024998,19253.32153367245,0.002252283832208044,1280.6470583505388,398.4255638167342,0.9989716473641029,0.027606935798816262,0.8169373332937757,10824.5214119328,729.2467188977654,19438.761999114366,56577.93107738448,0.28,5390.930029428287,19394.980389745622,121.76995786982233,124.03294145108184,38.82317641527174,-41.325123021017774,0.18702092056270347,0.0519421039237809,43.78160936874541,141.65885607317227,398.4255638167342,13862.391504244162,7.602333652264097,1039.4117324077117,585.7370164187405,0.24338133581537277,0.3814994196158386,0.0902607852866612,-0.02161867382712975,36.72150714098946,0.20000000000000398,169.80513487616545,0.030459154539694822,5521.565896624015,0.007357632075349845,0.6607203139015388,0.9961513884672457,9.642502510969675e-09,0.012630832756337267,2305,standard_dice2023,hs_high,Howard-Sterner High,1.0,0.0010283526358970674
59,0.8082544465552294,0.8213437808385567,276.47809276724803,0.48107275378434466,20516.683937454294,0.0023420816636685656,1364.6716721086505,396.44560660594556,0.9989829844842082,0.027508959301505088,0.8371075213333298,10824.590805890924,762.0494124231896,20711.67098460862,60363.35266902621,0.28,5744.671502487203,20663.16255977163,122.88987030619887,121.99153271196064,39.065559778481095,-38.54384961412362,0.3233596415231913,0.05326778835747918,48.50842483698811,146.47862231733612,396.44560660594556,14772.012434967091,7.6933598195949955,974.2071370209427,588.8983375942382,0.255192477841934,0.3752351429477613,0.10583761083658336,-0.018463134443433633,36.72150714103904,0.20000000000000592,147.98437851866828,0.030408289104553617,5834.797214107165,0.007139488172839258,0.6642863325427872,1.0015277850242146,0.008655612285367579,0.01169832745855431,2310,standard_dice2023,hs_high,Howard-Sterner High,1.0,0.0010170155157918082
60,0.8110793261810939,0.8228597270360886,277.85040130350524,0.48928877227009154,21852.101485637784,0.002422763447016084,1453.4892923987784,394.4900790514343,0.9990174150201853,0.02741319429310795,0.838089794223217,10824.650138077912,796.0595779939488,22056.936216350725,64367.31362996931,0.28,6118.58841597858,22003.497477532586,124.01184975402555,120.19049497755941,39.30838623815576,-35.932954004498335,0.39255274698024756,0.053369795828366595,53.43873881813978,151.39599189480234,394.4900790514343,15733.513069659204,7.7839629839687134,912.9146860639918,591.8213547764661,0.28597689397078996,0.36931128192920165,0.1199774903408899,-0.01575131161415928,36.72150714107856,0.2000000000000098,129.02945945761525,0.030357524785715552,6144.0634198261805,0.006928212007174999,0.6675835406345506,1.006498902681065,0.03672820558494921,0.010834666879656342,2315,standard_dice2023,hs_high,Howard-Sterner High,1.0,0.000982584979814738
61,0.8029426533006663,0.8135450140701614,279.12718061256754,0.4966345016735769,23263.066315646985,0.0024960557819159283,1547.3321574896752,392.55122027715777,0.9990630177210963,0.02731910740587339,0.8280682393931689,10824.700867355685,831.3099565111008,23478.075253844752,68601.1971052535,0.28,6513.658568381156,23419.472668359136,125.12112847514658,118.58023377037779,39.54844679382974,-33.48517686144267,0.42485700256702796,0.052767769814776544,58.60258548561647,156.4063527121508,392.55122027715777,16749.40774726583,7.874147669487865,855.3164235031925,594.5408947047688,0.3142991937774828,0.3637039770378672,0.13293052463570967,-0.013423182497956418,36.72150714110763,0.20000000000000837,112.55536221188018,0.030306884496051522,6453.191043953238,0.00672337647109531,0.6706512232715164,1.0111239705863415,0.06272237627543918,0.010034768372574625,2320,standard_dice2023,hs_high,Howard-Sterner High,1.0,0.0009369822789037086
62,0.7882591437357698,0.7978012684283154,280.3192225501285,0.5032547923333782,24753.184465085513,0.002563045706385898,1646.440083751007,390.62495852746474,0.9991135266856015,0.027226383089106094,0.8115416048014923,10824.74424107671,867.8337326500845,24978.712619644037,73076.61372058693,0.28,6930.891650223944,24914.69103751321,126.20894040373713,117.12899637196352,39.783836672356664,-31.19240207141424,0.43676153122955674,0.051747899601624084,64.02158213082589,161.50657242769893,390.62495852746474,17822.29281486157,7.96391686132279,801.2047273665631,597.0799440317736,0.3404581201339303,0.3583918980543428,0.14486289427903545,-0.011426139918376635,36.721507141135824,0.20000000000000503,98.23015972373162,0.03025638447298684,6758.60973662677,0.00652467857844734,0.67351530974945,1.0154420816866898,0.08688426005230691,0.009293924530369863,2325,standard_dice2023,hs_high,Howard-Sterner High,1.0,0.000886473314398506
63,0.7696012546273682,0.7781891668506592,281.4342393873638,0.5092486435494942,26326.181742786244,0.0026244619112848378,1751.0608560491903,388.70906716600854,0.9991655132668275,0.02713480076855269,0.7911237112148337,10824.78132574601,905.6645269808129,26562.58843312387,77805.46788698912,0.28,7371.330887980149,26492.875931516002,127.27001098848032,115.81508109339543,40.01340984482773,-29.04625418722367,0.4372976080698217,0.050476629411092655,69.7125016078688,166.69418872975635,388.70906716600854,18954.850854806096,8.053272509692786,750.3820863880655,599.4549298950849,0.3646776927760106,0.35335568350424423,0.15589296004524997,-0.009714381571044416,36.721507141158156,0.2000000000000047,85.76742649759669,0.030206036348721776,7047.046500055309,0.006331878673421108,0.6761943301308372,1.0194811732909608,0.10939207434705503,0.008607775483117492,2330,standard_dice2023,hs_high,Howard-Sterner High,1.0,0.0008344867331725458
64,0.7485076962993135,0.7562368173002755,282.47819398343574,0.5146885511446899,27985.908552683668,0.0026808315633557317,1861.4505484814808,386.8023169699209,0.9992170897564675,0.027044209298051437,0.7683719260750292,10824.813033239012,944.836387609428,28233.565033398798,82800.00517248898,0.28,7836.054394751428,28157.875601111205,128.30114927222763,114.62259608750952,40.23647307033775,-27.038419943032796,0.43144678404612946,0.04905327336695653,75.68943228759223,171.96704842753581,386.8023169699209,20149.85415793224,8.14221586549052,702.6608165593542,601.6785531847181,0.38713654450244733,0.34857759110904574,0.1661109600356442,-0.008248192243870344,36.72150714118031,0.20000000000000262,74.91980264557486,0.030155848617758753,7345.5665948553915,0.0061447727560392275,0.6787026112138872,1.0232628455522417,0.13038473674631768,0.007972283240050145,2335,standard_dice2023,hs_high,Howard-Sterner High,1.0,0.0007829102435324975
65,0.7259400227485586,0.7328962316494244,283.45602216512304,0.5196311099742761,29736.344072441425,0.002732566883385354,1977.873802189072,384.90401885758365,0.9992672066708999,0.026954503689180464,0.7442545282504767,10824.840143219182,985.3837813466525,29995.63225265208,88072.84702806018,0.28,8326.1763402836,29913.66718131228,129.30046237783088,113.53913516611877,40.45261519457056,-25.160814929649703,0.4219872557331153,0.047539691058182676,81.9650713398027,177.32310887085785,384.90401885758365,21410.167732157825,8.230747710114269,657.8627416021143,603.7613272117121,0.4079842071187757,0.34404126618212266,0.17558984379215345,-0.006993221789432316,36.72150714119911,0.2000000000000021,65.47351599520825,0.030105827603249712,7615.016190788119,0.0059631778687681564,0.6810520121742623,1.026804978251211,0.14997742890820795,0.007383707925960656,2340,standard_dice2023,hs_high,Howard-Sterner High,1.0,0.0007327933291001454
66,0.7025277129716408,0.7087883009824201,284.3720240469566,0.5241228758700041,31581.599959546314,0.0027800124647836665,2100.604071740761,383.01378466960915,0.9993152840086189,0.02686561048862664,0.719401398848827,10824.863322306068,1027.3415844081244,31852.91178681731,93637.01714301726,0.28,8842.84798867297,31764.3602950103,130.26690402083938,112.55449280082183,40.66160903578234,-23.40566753263786,0.41049349902388965,0.045976217849153206,88.55149180700668,182.76033546398705,383.01378466960915,22738.751970873345,8.318868513581947,615.8188521462401,605.7124112200175,0.4273502853314908,0.33973157719098085,0.18439129867902324,-0.0059198088760770385,36.72150714121418,0.20000000000000095,57.24370456634466,0.030055978109178594,7868.470553338596,0.005786924528779083,0.6832528647792379,1.0301231483333633,0.1682700942075678,0.006838585772016713,2345,standard_dice2023,hs_high,Howard-Sterner High,1.0,0.0006847159913810907
67,0.6787024194760544,0.6843369486857557,285.23007666498194,0.528203656896431,33525.92370820485,0.0028234709239666777,2229.923848293037,381.13139884039003,0.9993610128968262,0.026777477893252234,0.6942412487849493,10824.883140464714,1070.7450726525415,33809.66095120299,99505.96219614512,0.28,9387.258638297359,33714.200356558096,131.2000059415999,111.65994264518838,40.86335302112719,-21.76555801258868,0.3978779002177793,0.04439038765527258,95.4605946448932,188.2766483532454,381.13139884039003,24138.66506990749,8.406578543884386,576.3689535246181,607.5400632964115,0.44534976551646965,0.33563449082491537,0.1925691660715157,-0.005002369376355031,36.72150714123221,0.20000000000000076,50.07041341332969,0.030006303863482738,8114.649979260183,0.005615852675437789,0.6853144842770136,1.033231400163965,0.18535213489282462,0.006333708731462979,2350,standard_dice2023,hs_high,Howard-Sterner High,1.0,0.0006389871031737826
68,0.6547724383907851,0.6598435146795163,286.03375031089627,0.5319084062112521,35573.70173882552,0.0028632167122937275,2366.124864967667,379.25674802156345,0.9994042465790787,0.02669006904747237,0.6690776927037969,10824.90008501913,1115.6299113638922,35870.276007528344,105693.56880868855,0.28,9960.636486871146,35767.571633789,132.09971076117927,110.84782259897031,41.05783486356292,-20.233433171210176,0.3846847007027028,0.04280176915361591,102.70437373934388,193.86989496347647,379.25674802156345,25613.065251954373,8.493877942817162,539.3613089183351,609.251888162209,0.4620862081072346,0.33173697136504293,0.20017143484620917,-0.004218853632909802,36.7215071412503,0.20000000000000104,43.81516269721813,0.029956807821452734,8310.679805952856,0.005449809423456339,0.6872454489095536,1.0361426669425322,0.20130506174014437,0.005866105600249002,2355,standard_dice2023,hs_high,Howard-Sterner High,1.0,0.00059575342092133
69,0.6309650028072381,0.6355289714670962,286.7863731792407,0.5352683501168307,37729.46227641795,0.002899503531164356,2509.5082881943154,377.3897812356427,0.9994449385767612,0.026603357449282522,0.6441324235272976,10824.91457263419,1162.0321445844988,38039.29518316584,112214.17788019826,0.28,10564.249437397028,37929.00011245925,132.96626239939457,110.11128752761198,41.24510774775453,-18.80260762286556,0.37125003670942985,0.04122471018426642,110.29507070659264,199.53783604129885,377.3897812356427,27165.212839020925,8.58076677862147,504.6522825247987,610.8549748717826,0.4776537697164172,0.3280268958985556,0.20724145421827508,-0.0035502700107604155,36.72150714126123,0.20000000000000087,38.35800151585262,0.02990749237480317,8480.673884392174,0.005288647757008082,0.6890537552386241,1.038869004883984,0.2162040397271776,0.005433024531477673,2360,standard_dice2023,hs_high,Howard-Sterner High,1.0,0.0005550614232388007
70,0.6074510936498725,0.6115586654437447,287.4910683994033,0.5383116938940286,39997.878056969916,0.00293256833540455,2660.3848976166882,375.53048643490206,0.9994831062310577,0.026517323782156498,0.6195705188623497,10824.926959560444,1209.988184006049,40321.401460941604,119082.59708346342,0.28,11199.405855951578,40203.15619577811,133.80013022792434,109.44415453719535,41.42527384711457,-17.4667576658728,0.3577895636119061,0.03966994587530087,118.2452651634921,205.27813880818942,375.53048643490206,28798.47220101834,8.667245082503296,472.10598604257154,612.355975690729,0.4921385673495287,0.3244929805764024,0.2138187133176261,-0.0029802692791170396,36.72150714127534,0.20000000000000132,33.59497598792523,0.02985835949664887,8561.371296365374,0.005132225727470016,0.6907469071215705,1.0414217273651853,0.23011883662864574,0.00503191684077171,2365,standard_dice2023,hs_high,Howard-Sterner High,1.0,0.0005168937689422615
71,0.5843606360672338,0.5880574506817188,288.1507763991403,0.5410640909603277,42383.7688889223,0.002962633547330465,2819.075256366203,373.67887610726456,0.9995188082420483,0.026431953720059104,0.59551592292997,10824.937550393628,1259.5347974262436,42721.4251902889,126314.11203157222,0.28,11867.455288898245,42594.85726283038,134.6019538585239,108.84080012835514,41.59847232520752,-16.219911051416872,0.34444687428789444,0.03814558209023543,126.56792745851868,211.08837390808532,373.67887610726456,30516.313600024056,8.753312873905076,441.59393082364664,613.7611537301688,0.5056196631777,0.3211247151056491,0.21993937585467854,-0.0024947834393489717,36.72150714128851,0.20000000000000087,29.435951370466082,0.029809410842697587,8616.624287345081,0.004980405929951566,0.6923319694435366,1.043811485935661,0.24311444661704898,0.004660422007252628,2370,standard_dice2023,hs_high,Howard-Sterner High,1.0,0.00048119175795169333
72,0.5617923173011165,0.5651194504541529,288.76826953567513,0.5435489761887828,44892.104088392625,0.0029899083539006452,2985.909872943709,371.83497804199226,0.9995521301814765,0.026347236401478798,0.5720614326412674,10824.946605564219,1310.7090967791269,45244.34655255189,133924.49645801433,0.28,12569.789144749937,45109.07010282764,135.37250124119933,108.2960871302113,41.76487022967213,-15.056434491954178,0.33132064366482555,0.03665772960518586,135.27644972425077,216.9660144350163,371.83497804199226,32322.31494364269,8.838970177908056,412.99468738385093,615.076414110988,0.5181698222333708,0.31791230376153445,0.22563667242724839,-0.002081712611392521,36.72150714130029,0.20000000000000068,25.802737243590197,0.029760647822398734,8582.485806161882,0.004833055140561242,0.6938156032712063,1.046048323318007,0.2552515348447634,0.004316353781862905,2375,standard_dice2023,hs_high,Howard-Sterner High,1.0,0.00044786981852351637
73,0.5398202979344983,0.5428147177722311,289.34616268015446,0.545787818472669,47528.00480071683,0.0030145895490667294,3161.2293555452343,369.99882917342586,0.9995831747541536,0.026263163365755494,0.5492755090828505,10824.95434774108,1363.548525747617,47895.29790138718,141930.02163724258,0.28,13307.841344200713,47750.91323688422,136.11263584410665,107.80530933537761,41.92465535980555,-13.971019965680956,0.31848017789092803,0.035210936713519374,144.38466450295945,222.908436167386,369.99882917342586,34220.163456516115,8.924217037116462,386.19355348958044,616.307326508729,0.529856127131691,0.31484661181143725,0.2309412066612318,-0.001730654001392546,36.721507141310845,0.20000000000000062,22.627472472865552,0.0297120716493898,8468.142435656015,0.004690044050913411,0.6952040912837845,1.048141711749539,0.2665867811330835,0.003997687321278731,2380,standard_dice2023,hs_high,Howard-Sterner High,1.0,0.00041682524584640834
74,0.5184990686577694,0.521194046511729,289.8869217005188,0.5478003229451448,50296.74621646448,0.003036862161446306,3345.384559374036,368.17047134567844,0.9996120550177994,0.026179727810160917,0.5272071937358387,10824.96096730669,1418.0908469671856,50679.565991337244,150347.46519757895,0.28,14083.088940610056,50525.65913501963,136.82329039348178,107.36414717137666,42.078030559802635,-12.958670438340995,0.3059745990094934,0.03380850163402705,153.90685631761312,228.91291855514862,368.17047134567844,36213.65727585443,9.00905351966518,361.0822316931669,617.4591432221051,0.5407404971289607,0.311919116587538,0.23588120635760682,-0.0014326675392087344,36.72150714132268,0.20000000000000037,19.851233080596714,0.029663683377619536,8208.998415301821,0.004551247064173203,0.6965033581545584,1.050100583711063,0.27717316466816944,0.003702547271696348,2385,standard_dice2023,hs_high,Howard-Sterner High,1.0,0.00038794498220062756
75,0.49786713757474166,0.5002926176433052,290.39287085131394,0.5496045998945935,53203.759686861405,0.003056899988199998,3538.736727266955,366.34994833978,0.9996388895466638,0.02609692407022652,0.5058898296700163,10824.966627038495,1474.3741288300662,53602.594102370116,159194.1194275687,0.28,14897.052712321194,53438.73633309109,137.50544558525067,106.96863067195196,42.22520909247056,-12.014685382908574,0.29383849450603217,0.032452709230738924,163.8577692790245,234.97664622968105,366.34994833978,38306.70697454021,9.093479724500524,337.5585169303384,618.5368149132987,0.5508801387601407,0.30912186264599417,0.24048273724859942,-0.0011800733764036294,36.72150714132807,0.20000000000000007,17.42283156119565,0.029615483927519632,7872.279365363577,0.0044165421318469004,0.6977189883061949,1.0519333586960862,0.2870602121365443,0.0034291967323650152,2390,standard_dice2023,hs_high,Howard-Sterner High,1.0,0.00036111045333619973
76,0.47794994246568573,0.480132874527393,290.86619958387195,0.5512173101738611,56254.63474119439,0.0030748660931173032,3741.657623806122,364.53730376574794,0.9996637989290146,0.026014747255889436,0.485343991127667,10824.971466111536,1532.4367318998027,56669.984064604854,168487.799142391,0.28,15751.297727534431,56495.7314521071,138.16011271713967,106.61510760349245,42.366410864973076,-11.134646337717948,0.2820955687388317,0.031145017653307735,174.25261249775136,241.09671091271036,364.53730376574794,40503.33701365996,9.177495784741003,315.5259945955961,619.5450051136472,0.5603279443946496,0.306447420573211,0.24476988960065016,-0.000966277013550908,36.72150714134049,0.20000000000000015,15.297780744560212,0.029567474105231233,7380.619647390988,0.004285810618483298,0.6988562422733755,1.0536479678803523,0.2962942214082005,0.0031760270339169084,2395,standard_dice2023,hs_high,Howard-Sterner High,1.0,0.0003362010709854202
77,0.4587622054574591,0.46072684431299565,291.3089690229725,0.552653792910205,59455.12100705925,0.0030909132939585223,3954.5296629730915,362.73257957490586,0.9996869032261456,0.02593319299665394,0.4655798443077386,10824.975603520701,1592.3172949463553,59887.49818500349,178246.84915326265,0.28,16647.43388197659,59702.39112072155,138.78831948604204,106.30021546711055,42.50185934247079,-10.314402664602435,0.27076113205350133,0.029886209009593736,185.10706428194416,247.27011366230226,362.73257957490586,42807.68712508266,9.261101869686629,294.8937493576577,620.4881040189315,0.5691328488998998,0.30388884907821095,0.24876494383199405,-0.0007856183587175369,36.7215071413461,0.2,13.437399187300253,0.02951965461696048,6706.139913054587,0.004158937186133105,0.699920072264093,1.055251877583217,0.30491846725861727,0.0029415482713394023,2400,standard_dice2023,hs_high,Howard-Sterner High,1.0,0.00031309677385438217
78,0.4403098871658078,0.4420780621357907,291.7231182285212,0.5539281791810343,62811.130033043395,0.0031051846482310587,4177.746029317995,360.9358150195797,0.9997083201290712,0.0258522572632493,0.4465991001351874,10824.979141006792,1654.0547206123904,63261.06107613611,188490.15136639302,0.28,17587.116409252154,63064.623800451685,139.3910984090524,106.02085658230232,42.631779031954366,-9.550057612309223,0.2598438928595214,0.02867651424545756,196.43727568442523,253.49376740828964,360.9358150195797,45224.01362379124,9.344298185877298,275.57608485573456,621.3702418267501,0.5773401513718888,0.30143966006494216,0.25248851911609216,-0.000633241493961561,36.72150714135275,0.2,11.808038368327262,0.029472026079899294,5757.60820351126,0.004035809692882978,0.7009151372044137,1.0567521119502552,0.3129733928658504,0.002724380535876194,2405,standard_dice2023,hs_high,Howard-Sterner High,1.0,0.0002916798709288182
79,0.42259180801810664,0.42418316549109125,292.1104702803981,0.5550534940355067,66328.7370125388,0.0031178139381591663,4411.710792556748,359.1470459543001,0.9997281636544256,0.025771936243022108,0.428396628847494,10824.982165558315,1717.6881607217786,66796.76138597196,199237.1315266022,0.28,18572.046363510864,66588.50151229888,139.9694774184485,105.77417572120055,42.75639343853364,-8.837954764050872,0.24934730614603662,0.027515716619116434,208.25987367307536,259.7644997600865,359.1470459543001,47756.690649027936,9.427084977484386,257.49225432044386,622.1953016972479,0.5849918067043802,0.29909378641719303,0.25595970761831377,-0.0005049823512472576,36.721507141360696,0.2,10.380414774923787,0.02942458903070856,4615.793413743755,0.003916319101794153,0.7018458173583775,1.0581552749953196,0.32049678905562756,0.0025232457942569865,2410,standard_dice2023,hs_high,Howard-Sterner High,1.0,0.0002718363455743722
80,0.4056010180797845,0.4070332398054706,292.47273820146955,0.5560417485826286,70014.18240671729,0.0031289261528082905,4656.8390154652025,357.3663043870485,0.999746543239459,0.025692226253238866,0.4109618195938562,10824.984751550539,1783.257001241712,70500.85342685728,210507.7656126977,0.28,19603.971073880843,70280.2614627747,140.52447229137658,105.5575399222464,42.875923420453844,-8.174664919232033,0.23927062888574246,0.026403239022606474,220.59196408259774,266.07905605740325,357.3663043870485,50410.21133283644,9.509462526236586,240.56620208493186,622.9669323691302,0.5921266907936424,0.29684555226017456,0.259196196322454,-0.0003972718674448066,36.72150714136933,0.2,9.129032363629449,0.02937734393225958,3289.7954948534793,0.0038003593973536874,0.7027162285590547,1.0594675720563438,0.32752396266108713,0.002336960367464944,2415,standard_dice2023,hs_high,Howard-Sterner High,1.0,0.0002534567605410043
81,0.3893259480239878,0.3906149475771053,292.81153071195615,0.5569040234154297,73873.87346424072,0.00313863796391849,4913.556854908577,355.5936182233098,0.9997635631501891,0.02561312368112887,0.39427971874917417,10824.98696257438,1850.8008469102097,74379.75870129894,222322.58588604612,0.28,20684.684569987403,74146.30756689195,141.05708061913376,105.36852020266721,42.99058587870316,-7.556973446736617,0.22960976724064364,0.025338217259314653,233.45113440699348,272.43410265123356,355.5936182233098,53189.18889425332,9.591431151023327,224.7263158884192,623.6885604164665,0.5987808422964787,0.2946896454875957,0.262214377927834,-0.0003070525131767208,36.72150714137594,0.2000000000000003,8.031682929939993,0.029330291179120446,1624.1309653470682,0.003687827507557291,0.7035302360344083,1.0606948306402493,0.33408789480965545,0.0021644279647794226,2420,standard_dice2023,hs_high,Howard-Sterner High,1.0,0.00023643684981089486
